1,Top/Arts
2,Top/Arts/Animation
3,Top/Arts/Animation/Anime
4,Top/Arts/Animation/Anime/Fandom
5,Top/Arts/Animation/Anime/Fandom/Fan_Works
6,Top/Arts/Animation/Anime/Titles
7,Top/Arts/Animation/Anime/Titles/Sailor_Moon
8,Top/Arts/Animation/Cartoons/Titles
9,Top/Arts/Animation/Movies/Titles
10,Top/Arts/Animation/Voice_Actors
11,Top/Arts/Architecture
12,Top/Arts/Architecture/Building_Types
13,Top/Arts/Architecture/Building_Types/Lighthouses
14,Top/Arts/Architecture/Building_Types/Religious
15,Top/Arts/Architecture/History/Architects
16,Top/Arts/Art_History/Artists
17,Top/Arts/Art_History/Periods_and_Movements
18,Top/Arts/Bodyart
19,Top/Arts/Classical_Studies
20,Top/Arts/Comics
21,Top/Arts/Comics/Comic_Strips_and_Panels
22,Top/Arts/Comics/Creators
23,Top/Arts/Comics/Manga
24,Top/Arts/Comics/Manga/Titles
25,Top/Arts/Comics/Titles
26,Top/Arts/Crafts
27,Top/Arts/Crafts/Knitting
28,Top/Arts/Crafts/Needlework
29,Top/Arts/Crafts/Quilting
30,Top/Arts/Crafts/Textiles
31,Top/Arts/Crafts/Woodcraft/Woodturning
32,Top/Arts/Crafts/Woodcraft/Woodworking
33,Top/Arts/Design
34,Top/Arts/Design/Fashion/People
35,Top/Arts/Education
36,Top/Arts/Education/Language_Arts/English/English_as_a_Second_Language
37,Top/Arts/Education/Language_Arts/English/English_as_a_Second_Language/Language_Schools
38,Top/Arts/Genres/Science_Fiction_and_Fantasy
39,Top/Arts/Graphic_Design
40,Top/Arts/Illustration
41,Top/Arts/Literature
42,Top/Arts/Literature/Authors
43,Top/Arts/Literature/Authors/Horror
44,Top/Arts/Literature/Children's/Authors
45,Top/Arts/Literature/Children's/Authors/Rowling,_J._K./Harry_Potter_Series
46,Top/Arts/Literature/Drama
47,Top/Arts/Literature/Drama/20th_Century
48,Top/Arts/Literature/Genres
49,Top/Arts/Literature/Genres/Fantasy/Authors
50,Top/Arts/Literature/Genres/Fantasy/Authors/Tolkien,_J._R._R.
51,Top/Arts/Literature/Genres/Mystery/Authors
52,Top/Arts/Literature/Genres/Romance
53,Top/Arts/Literature/Genres/Romance/Authors
54,Top/Arts/Literature/Genres/Science_Fiction
55,Top/Arts/Literature/Genres/Science_Fiction/Authors
56,Top/Arts/Literature/Myths_and_Folktales/Myths
57,Top/Arts/Literature/Periods_and_Movements
58,Top/Arts/Literature/Poetry
59,Top/Arts/Literature/Poetry/Forms
60,Top/Arts/Literature/Poetry/Poets
61,Top/Arts/Literature/Reviews_and_Criticism
62,Top/Arts/Literature/World_Literature
63,Top/Arts/Literature/World_Literature/19th_Century
64,Top/Arts/Literature/World_Literature/20th_Century
65,Top/Arts/Literature/World_Literature/Shakespeare
66,Top/Arts/Literature/World_Literature/Shakespeare/Works/Plays
67,Top/Arts/Literature/World_Literature/Authors
68,Top/Arts/Magazines_and_E-zines/E-zines
69,Top/Arts/Movies
70,Top/Arts/Movies/Filmmaking
71,Top/Arts/Movies/Filmmaking/Directing/Directors
72,Top/Arts/Movies/Genres
73,Top/Arts/Movies/Titles
74,Top/Arts/Movies/Titles/Lord_of_the_Rings_Series
75,Top/Arts/Movies/Titles/Matrix_Series
76,Top/Arts/Movies/Titles/Matrix_Series/Matrix,_The
77,Top/Arts/Movies/Titles/Star_Wars_Movies
78,Top/Arts/Movies/Titles/V_for_Vendetta
79,Top/Arts/Music
80,Top/Arts/Music/Bands_and_Artists
81,Top/Arts/Music/Bands_and_Artists/Beatles
82,Top/Arts/Music/Composition/Composers
83,Top/Arts/Music/Composition/Composers/Contemporary
84,Top/Arts/Music/Instruments
85,Top/Arts/Music/Instruments/Keyboard
86,Top/Arts/Music/Instruments/Keyboard/Piano/Pianists
87,Top/Arts/Music/Instruments/Percussion
88,Top/Arts/Music/Instruments/Stringed
89,Top/Arts/Music/Instruments/Stringed/Bowed_Strings
90,Top/Arts/Music/Instruments/Stringed/Guitar
91,Top/Arts/Music/Instruments/Winds
92,Top/Arts/Music/Instruments/Winds/Brass
93,Top/Arts/Music/Instruments/Winds/Woodwinds
94,Top/Arts/Music/Lyrics
95,Top/Arts/Music/Marching/Marching_Bands
96,Top/Arts/Music/Sound_Files
97,Top/Arts/Music/Sound_Files/MP3/Streaming/Stations
98,Top/Arts/Music/Styles
99,Top/Arts/Music/Styles/Bluegrass
100,Top/Arts/Music/Styles/Blues/Bands_and_Artists
101,Top/Arts/Music/Styles/By_Decade
102,Top/Arts/Music/Styles/Performing_Groups
103,Top/Arts/Music/Styles/Classical
104,Top/Arts/Music/Styles/Bands_and_Artists
105,Top/Arts/Music/Styles/Experimental
106,Top/Arts/Music/Styles/Folk
107,Top/Arts/Music/Styles/Folk/Bands_and_Artists
108,Top/Arts/Music/Styles/Hip_Hop/Bands_and_Artists
109,Top/Arts/Music/Styles/Jazz
110,Top/Arts/Music/Styles/Jazz/Bands_and_Artists
111,Top/Arts/Music/Styles/Regional_and_Ethnic
112,Top/Arts/Music/Styles/Rock
113,Top/Arts/Music/Styles/Rock/Heavy_Metal
114,Top/Arts/Music/Styles/Rock/Punk/Bands_and_Artists
115,Top/Arts/Music/Vocal
116,Top/Arts/Music/Vocal/A_Cappella
117,Top/Arts/Music/Vocal/Singers/Classical
118,Top/Arts/Music/Vocal/Singers/Classical/Sopranos
119,Top/Arts/Music/Women_in_Music
120,Top/Arts/Online_Writing
121,Top/Arts/Online_Writing/Fiction/Genres
122,Top/Arts/Online_Writing/Mixed_Genre
123,Top/Arts/Online_Writing/Poetry
124,Top/Arts/People
125,Top/Arts/Performing_Arts
126,Top/Arts/Performing_Arts/Acting/Actors_and_Actresses
127,Top/Arts/Performing_Arts/Circus
128,Top/Arts/Performing_Arts/Comedy
129,Top/Arts/Performing_Arts/Comedy/Comedians/Stand_Up
130,Top/Arts/Performing_Arts/Dance
131,Top/Arts/Performing_Arts/Dance/Education
132,Top/Arts/Performing_Arts/Dance/Folk
133,Top/Arts/Performing_Arts/Magic/Magicians
134,Top/Arts/Performing_Arts/Theatre
135,Top/Arts/Performing_Arts/Theatre/Community_Theatre
136,Top/Arts/Performing_Arts/Theatre/Musicals
137,Top/Arts/Photography
138,Top/Arts/Photography/Photographers
139,Top/Arts/Photography/Photographers/Masters
140,Top/Arts/Photography/Techniques_and_Styles
141,Top/Arts/Radio
142,Top/Arts/Radio/Formats
143,Top/Arts/Radio/North_America
144,Top/Arts/Television
145,Top/Arts/Television/Programs
146,Top/Arts/Television/Programs/Action_and_Adventure
147,Top/Arts/Television/Programs/Action_and_Adventure/Westerns
148,Top/Arts/Television/Programs/Children's
149,Top/Arts/Television/Programs/Comedy/Sitcoms
150,Top/Arts/Television/Programs/Dramas
151,Top/Arts/Television/Programs/Dramas/Cop_Shows
152,Top/Arts/Television/Programs/Horror
153,Top/Arts/Television/Programs/Reality-Based
154,Top/Arts/Television/Programs/Science_Fiction_and_Fantasy
155,Top/Arts/Television/Programs/Science_Fiction_and_Fantasy/Star_Trek_Series
156,Top/Arts/Television/Programs/Soap_Operas
157,Top/Arts/Visual_Arts
158,Top/Arts/Visual_Arts/Galleries
159,Top/Arts/Visual_Arts/Painting
160,Top/Arts/Visual_Arts/Painting/Painters
161,Top/Arts/Visual_Arts/Sculpture/Sculptors
162,Top/Arts/Visual_Arts/Thematic
163,Top/Arts/Writers_Resources
164,Top/Arts/Writers_Resources/Fiction
165,Top/Arts/Writers_Resources/Non-Fiction
166,Top/Business
167,Top/Business/Accounting
168,Top/Business/Accounting/Firms/Accountants
169,Top/Business/Aerospace_and_Defense/Aeronautical
170,Top/Business/Aerospace_and_Defense/Aeronautical/Aircraft_and_Components
171,Top/Business/Agriculture_and_Forestry
172,Top/Business/Agriculture_and_Forestry/Aquaculture
173,Top/Business/Agriculture_and_Forestry/Equipment_and_Supplies
174,Top/Business/Agriculture_and_Forestry/Forestry
175,Top/Business/Agriculture_and_Forestry/Horticulture/Ornamentals
176,Top/Business/Agriculture_and_Forestry/Livestock
177,Top/Business/Agriculture_and_Forestry/Livestock/Camelids
178,Top/Business/Agriculture_and_Forestry/Livestock/Cattle/Breeds
179,Top/Business/Agriculture_and_Forestry/Livestock/Goats/Breeds
180,Top/Business/Agriculture_and_Forestry/Livestock/Sheep
181,Top/Business/Agriculture_and_Forestry/Livestock/Sheep/Breeds
182,Top/Business/Arts_and_Entertainment
183,Top/Business/Arts_and_Entertainment/Media_Production
184,Top/Business/Arts_and_Entertainment/Media_Production/Video
185,Top/Business/Arts_and_Entertainment/Media_Production/Voice_Talent
186,Top/Business/Arts_and_Entertainment/Models/Individual
187,Top/Business/Arts_and_Entertainment/Music
188,Top/Business/Arts_and_Entertainment/Music/Labels/Specialty
189,Top/Business/Arts_and_Entertainment/Music/Production
190,Top/Business/Arts_and_Entertainment/Photography
191,Top/Business/Arts_and_Entertainment/Photography/Photographers
192,Top/Business/Arts_and_Entertainment/Photography/Photographers/Wedding_and_Events/North_America
193,Top/Business/Arts_and_Entertainment/Tools_and_Equipment
194,Top/Business/Automotive
195,Top/Business/Automotive/Parts_and_Accessories
196,Top/Business/Biotechnology_and_Pharmaceuticals/Pharmaceuticals
197,Top/Business/Business_Services
198,Top/Business/Business_Services/AudioVisual
199,Top/Business/Business_Services/Communications/Public_Speaking
200,Top/Business/Business_Services/Communications/Public_Speaking/Corporate/North_America
201,Top/Business/Business_Services/Communications/Translation
202,Top/Business/Business_Services/Communications/Translation/Multiple_Language/Europe
203,Top/Business/Business_Services/Communications/Translation/Single_Language
204,Top/Business/Business_Services/Communications/Writing_and_Editing
205,Top/Business/Business_Services/Design/Graphic_Design/Designers
206,Top/Business/Business_Services/Design/Graphic_Design/Designers/Multi-Discipline/North_America
207,Top/Business/Business_Services/Event_Planning_and_Production
208,Top/Business/Business_Services/Event_Planning_and_Production/Convention_and_Trade_Show_Services/Exhibit_and_Display_Vendors
209,Top/Business/Business_Services/Fire_and_Security
210,Top/Business/Business_Services/Fire_and_Security/Security
211,Top/Business/Business_Services/Fire_and_Security/Security/Investigation
212,Top/Business/Business_Services/Office_Services
213,Top/Business/Business_Services/Signage
214,Top/Business/Chemicals
215,Top/Business/Chemicals/Polymers
216,Top/Business/Chemicals/Polymers/Processing_Methods
217,Top/Business/Construction_and_Maintenance
218,Top/Business/Construction_and_Maintenance/Design
219,Top/Business/Construction_and_Maintenance/Design/Architects
220,Top/Business/Construction_and_Maintenance/Design/Interior_Designers
221,Top/Business/Construction_and_Maintenance/Materials_and_Supplies
222,Top/Business/Construction_and_Maintenance/Materials_and_Supplies/Concrete
223,Top/Business/Construction_and_Maintenance/Materials_and_Supplies/Doors_and_Windows
224,Top/Business/Construction_and_Maintenance/Materials_and_Supplies/Mechanical
225,Top/Business/Construction_and_Maintenance/Materials_and_Supplies/Site_Construction
226,Top/Business/Construction_and_Maintenance/Materials_and_Supplies/Thermal_and_Moisture
227,Top/Business/Construction_and_Maintenance/Materials_and_Supplies/Wood_and_Plastics
228,Top/Business/Construction_and_Maintenance/Materials_and_Supplies/Wood_and_Plastics/Wood_Products
229,Top/Business/Construction_and_Maintenance/Tools_and_Equipment
230,Top/Business/Consumer_Goods_and_Services
231,Top/Business/Consumer_Goods_and_Services/Beauty
232,Top/Business/Consumer_Goods_and_Services/Clothing
233,Top/Business/Consumer_Goods_and_Services/Electronics/Audio
234,Top/Business/Consumer_Goods_and_Services/Home_and_Garden
235,Top/Business/Consumer_Goods_and_Services/Home_and_Garden/Furniture
236,Top/Business/Consumer_Goods_and_Services/Recreation/Models
237,Top/Business/Consumer_Goods_and_Services/Sporting_Goods
238,Top/Business/Consumer_Goods_and_Services/Watercraft/Boats
239,Top/Business/E-Commerce
240,Top/Business/Education_and_Training
241,Top/Business/Electronics_and_Electrical
242,Top/Business/Electronics_and_Electrical/Components
243,Top/Business/Electronics_and_Electrical/Electromechanical
244,Top/Business/Electronics_and_Electrical/Instrumentation
245,Top/Business/Employment
246,Top/Business/Employment/Recruitment_and_Staffing
247,Top/Business/Energy_and_Environment
248,Top/Business/Energy_and_Environment/Oil_and_Gas
249,Top/Business/Energy_and_Environment/Renewable
250,Top/Business/Energy_and_Environment/Waste_Management
251,Top/Business/Financial_Services
252,Top/Business/Financial_Services/Banking_Services
253,Top/Business/Financial_Services/Banking_Services/Banks_and_Institutions/North_America
254,Top/Business/Financial_Services/Banking_Services/Credit_Unions
255,Top/Business/Financial_Services/Credit_and_Collection
256,Top/Business/Financial_Services/Financial_Planning
257,Top/Business/Financial_Services/Insurance
258,Top/Business/Financial_Services/Insurance/Agents_and_Marketers
259,Top/Business/Financial_Services/Medical_Billing
260,Top/Business/Financial_Services/Mortgages
261,Top/Business/Financial_Services/Venture_Capital
262,Top/Business/Food_and_Related_Products
263,Top/Business/Food_and_Related_Products/Beverages
264,Top/Business/Food_and_Related_Products/Meat_and_Seafood
265,Top/Business/Food_and_Related_Products/Produce
266,Top/Business/Healthcare
267,Top/Business/Healthcare/Computing
268,Top/Business/Healthcare/Employment
269,Top/Business/Hospitality
270,Top/Business/Hospitality/Food_Service
271,Top/Business/Human_Resources
272,Top/Business/Industrial_Goods_and_Services
273,Top/Business/Industrial_Goods_and_Services/Casting,_Molding,_Machining
274,Top/Business/Industrial_Goods_and_Services/Casting,_Molding,_Machining/Machine_Shops
275,Top/Business/Industrial_Goods_and_Services/Engineering
276,Top/Business/Industrial_Goods_and_Services/Fluid_Handling
277,Top/Business/Industrial_Goods_and_Services/Fluid_Handling/Pumps
278,Top/Business/Industrial_Goods_and_Services/Industrial_Supply
279,Top/Business/Industrial_Goods_and_Services/Industrial_Supply/Materials_Handling
280,Top/Business/Industrial_Goods_and_Services/Industrial_Supply/Materials_Handling/Manual
281,Top/Business/Industrial_Goods_and_Services/Machinery_and_Tools
282,Top/Business/Industrial_Goods_and_Services/Machinery_and_Tools/Cutting_and_Machining
283,Top/Business/Industrial_Goods_and_Services/Packaging
284,Top/Business/Information_Technology
285,Top/Business/Information_Technology/Employment/Resumes
286,Top/Business/International_Business_and_Trade
287,Top/Business/Investing
288,Top/Business/Investing/Commodities_and_Futures
289,Top/Business/Investing/Money_Managers
290,Top/Business/Investing/Stocks_and_Bonds/Equities
291,Top/Business/Management
292,Top/Business/Management/Management_Science/Management_Information_Systems
293,Top/Business/Marketing_and_Advertising
294,Top/Business/Marketing_and_Advertising/Advertising
295,Top/Business/Marketing_and_Advertising/Advertising/Promotional_Products
296,Top/Business/Marketing_and_Advertising/Internet_Marketing
297,Top/Business/Marketing_and_Advertising/Public_Relations
298,Top/Business/Materials
299,Top/Business/Materials/Metals
300,Top/Business/Opportunities
301,Top/Business/Opportunities/Franchising
302,Top/Business/Publishing_and_Printing/Printing
303,Top/Business/Publishing_and_Printing/Printing/Products
304,Top/Business/Publishing_and_Printing/Publishing
305,Top/Business/Real_Estate
306,Top/Business/Real_Estate/Appraisal/Appraisers
307,Top/Business/Retail_Trade
308,Top/Business/Small_Business
309,Top/Business/Telecommunications
310,Top/Business/Telecommunications/Call_Centers
311,Top/Business/Telecommunications/Equipment
312,Top/Business/Telecommunications/Equipment/Business_Systems/Vendors
313,Top/Business/Telecommunications/Two-Way_Radio/Equipment
314,Top/Business/Textiles_and_Nonwovens
315,Top/Business/Textiles_and_Nonwovens/Fibers
316,Top/Business/Textiles_and_Nonwovens/Industrial_Yarns_and_Sewing_Threads
317,Top/Business/Textiles_and_Nonwovens/Machinery_and_Equipment
318,Top/Business/Textiles_and_Nonwovens/Nonwovens
319,Top/Business/Textiles_and_Nonwovens/Textiles
320,Top/Business/Textiles_and_Nonwovens/Textiles/Bedding_and_Furnishings
321,Top/Business/Textiles_and_Nonwovens/Textiles/Carpets
322,Top/Business/Textiles_and_Nonwovens/Textiles/Fabrics
323,Top/Business/Textiles_and_Nonwovens/Textiles/Machinery_and_Equipment
324,Top/Business/Transportation_and_Logistics
325,Top/Business/Transportation_and_Logistics/Aviation
326,Top/Business/Transportation_and_Logistics/Maritime
327,Top/Business/Transportation_and_Logistics/Trucking
328,Top/Computers
329,Top/Computers/Algorithms
330,Top/Computers/Artificial_Intelligence
331,Top/Computers/Artificial_Life
332,Top/Computers/CAD_and_CAM
333,Top/Computers/Computer_Science
334,Top/Computers/Computer_Science/People
335,Top/Computers/Computer_Science/Theoretical
336,Top/Computers/Data_Communications
337,Top/Computers/Data_Formats
338,Top/Computers/Data_Formats/Markup_Languages/HTML
339,Top/Computers/Data_Formats/Markup_Languages/XML
340,Top/Computers/Education/Certification
341,Top/Computers/Emulators
342,Top/Computers/Graphics
343,Top/Computers/Graphics/Web
344,Top/Computers/Hardware
345,Top/Computers/Hardware/Buses
346,Top/Computers/Hardware/Components/Processors
347,Top/Computers/Hardware/Peripherals
348,Top/Computers/Hardware/Peripherals/Printers/Supplies
349,Top/Computers/Hardware/Storage
350,Top/Computers/Hardware/Systems
351,Top/Computers/History/Pioneers
352,Top/Computers/Internet
353,Top/Computers/Internet/Access_Providers
354,Top/Computers/Internet/Chat
355,Top/Computers/Internet/Chat/IRC
356,Top/Computers/Internet/Domain_Names
357,Top/Computers/Internet/Domain_Names/Disputed_Domain_Names
358,Top/Computers/Internet/E-mail
359,Top/Computers/Internet/E-mail/Spam
360,Top/Computers/Internet/On_the_Web
361,Top/Computers/Internet/Protocols
362,Top/Computers/Internet/Searching/Directories/Open_Directory_Project
363,Top/Computers/Internet/Searching/Search_Engines/Google
364,Top/Computers/Internet/Web_Design_and_Development
365,Top/Computers/Internet/Web_Design_and_Development/Authoring
366,Top/Computers/Internet/Web_Design_and_Development/Authoring/Webmaster_Resources/Affiliate_Programs
367,Top/Computers/Internet/Web_Design_and_Development/Designers
368,Top/Computers/Internet/Web_Design_and_Development/Designers/Basic_Service
369,Top/Computers/Internet/Web_Design_and_Development/Designers/Dynamic_and_Multimedia
370,Top/Computers/Internet/Web_Design_and_Development/Designers/Freelance
371,Top/Computers/Internet/Web_Design_and_Development/Hosted_Components_and_Services
372,Top/Computers/Internet/Web_Design_and_Development/Hosting
373,Top/Computers/Internet/Web_Design_and_Development/Promotion
374,Top/Computers/Internet/Web_Design_and_Development/Promotion/Search_Engine_Optimization_Firms
375,Top/Computers/Mobile_Computing
376,Top/Computers/Multimedia
377,Top/Computers/Multimedia/Music_and_Audio/Audio_Formats
378,Top/Computers/Multimedia/Music_and_Audio/Software
379,Top/Computers/Multimedia/Software/Macromedia_Flash
380,Top/Computers/Open_Source
381,Top/Computers/Open_Source/Software
382,Top/Computers/Parallel_Computing
383,Top/Computers/Programming
384,Top/Computers/Programming/Component_Frameworks
385,Top/Computers/Programming/Component_Frameworks/COM/Components
386,Top/Computers/Programming/Component_Frameworks/NET
387,Top/Computers/Programming/Component_Frameworks/NET/Tools/Components
388,Top/Computers/Programming/Graphics
389,Top/Computers/Programming/Internet
390,Top/Computers/Programming/Internet/ASP
391,Top/Computers/Programming/Languages
392,Top/Computers/Programming/Languages/Ada
393,Top/Computers/Programming/Languages/C++
394,Top/Computers/Programming/Languages/C++/Class_Libraries
395,Top/Computers/Programming/Languages/Delphi
396,Top/Computers/Programming/Languages/Fortran
397,Top/Computers/Programming/Languages/Fortran/Source_Code
398,Top/Computers/Programming/Languages/Class_Libraries
399,Top/Computers/Programming/Languages/Development_Tools
400,Top/Computers/Programming/Languages/Enterprise_Edition
401,Top/Computers/Programming/Languages/JavaScript
402,Top/Computers/Programming/Languages/Lisp
403,Top/Computers/Programming/Languages/PHP
404,Top/Computers/Programming/Languages/PHP/Scripts
405,Top/Computers/Programming/Languages/Perl
406,Top/Computers/Programming/Languages/Perl/WWW/Scripts
407,Top/Computers/Programming/Languages/Python
408,Top/Computers/Programming/Languages/Ruby
409,Top/Computers/Programming/Languages/Smalltalk
410,Top/Computers/Programming/Languages/Visual_Basic
411,Top/Computers/Programming/Methodologies
412,Top/Computers/Programming/Software_Testing
413,Top/Computers/Robotics
414,Top/Computers/Security
415,Top/Computers/Security/Consultants/General_and_Freelance
416,Top/Computers/Security/Internet
417,Top/Computers/Security/Malicious_Software
418,Top/Computers/Security/Products_and_Tools
419,Top/Computers/Software
420,Top/Computers/Software/Accounting
421,Top/Computers/Software/Accounting/Vendors
422,Top/Computers/Software/Business
423,Top/Computers/Software/Configuration_Management/Tools
424,Top/Computers/Software/Databases
425,Top/Computers/Software/Databases/Data_Warehousing
426,Top/Computers/Software/Desktop_Customization
427,Top/Computers/Software/Desktop_Customization/Screen_Savers
428,Top/Computers/Software/Educational
429,Top/Computers/Software/File_Management
430,Top/Computers/Software/Freeware
431,Top/Computers/Software/Globalization
432,Top/Computers/Software/Graphics
433,Top/Computers/Software/Graphics/3D
434,Top/Computers/Software/Graphics/Image_Editing
435,Top/Computers/Software/Groupware
436,Top/Computers/Software/Industry-Specific
437,Top/Computers/Software/Internet/Authoring
438,Top/Computers/Software/Internet/Clients
439,Top/Computers/Software/Internet/Clients/Mail
440,Top/Computers/Software/Internet/Clients/WWW
441,Top/Computers/Software/Internet/Clients/WWW/Browsers
442,Top/Computers/Software/Internet/Servers
443,Top/Computers/Software/Internet/Servers/Mail
444,Top/Computers/Software/Internet/Site_Management
445,Top/Computers/Software/Internet/Site_Management/Log_Analysis
446,Top/Computers/Software/Manufacturing
447,Top/Computers/Software/Marketing
448,Top/Computers/Software/Networking
449,Top/Computers/Software/Operating_Systems
450,Top/Computers/Software/Operating_Systems/Graphic_Subsystems
451,Top/Computers/Software/Operating_Systems/Graphic_Subsystems/Desktop_Environments/KDE
452,Top/Computers/Software/Operating_Systems/Linux
453,Top/Computers/Software/Operating_Systems/Linux/Distributions
454,Top/Computers/Software/Operating_Systems/Linux/Hardware_Support
455,Top/Computers/Software/Operating_Systems/Linux/Projects
456,Top/Computers/Software/Operating_Systems/Mac_OS
457,Top/Computers/Software/Operating_Systems/Microsoft_Windows
458,Top/Computers/Software/Operating_Systems/Unix
459,Top/Computers/Software/Operating_Systems/Unix/BSD
460,Top/Computers/Software/Operating_Systems/Unix/SCO/Boycott,_Lawsuits
461,Top/Computers/Software/Shareware
462,Top/Computers/Software/Shareware/Windows
463,Top/Computers/Software/Shareware/Windows/Graphics
464,Top/Computers/Software/Shareware/Windows/Internet
465,Top/Computers/Software/Shareware/Windows/Multimedia
466,Top/Computers/Software/Shareware/Windows/Personal_Information_Managers
467,Top/Computers/Software/Shareware/Windows/Security
468,Top/Computers/Software/Shareware/Windows/Utilities
469,Top/Computers/Software/Typesetting/TeX
470,Top/Computers/Systems
471,Top/Computers/Systems/Apple/Macintosh
472,Top/Computers/Systems/Handhelds
473,Top/Computers/Systems/Handhelds/Palm_OS
474,Top/Computers/Systems/RISC_OS/Software
475,Top/Computers/Usenet
476,Top/Games
477,Top/Games/Board_Games
478,Top/Games/Board_Games/Abstract
479,Top/Games/Board_Games/Abstract/Battle_Games/Chess
480,Top/Games/Board_Games/War_and_Politics
481,Top/Games/Card_Games/Special_Decks
482,Top/Games/Card_Games/Trick_Capturing/Bridge
483,Top/Games/Coin-Op/Arcade_Games
484,Top/Games/Gambling
485,Top/Games/Gambling/Sports
486,Top/Games/Miniatures
487,Top/Games/Online/MUDs
488,Top/Games/Online/MUDs/By_Codebase
489,Top/Games/Online/Roleplaying
490,Top/Games/Puzzles
491,Top/Games/Roleplaying
492,Top/Games/Roleplaying/Genres
493,Top/Games/Roleplaying/Genres/Fantasy
494,Top/Games/Roleplaying/Genres/Fantasy/Dungeons_&_Dragons
495,Top/Games/Roleplaying/Genres/Horror/World_of_Darkness
496,Top/Games/Roleplaying/Genres/Science_Fiction
497,Top/Games/Roleplaying/Genres/Universal
498,Top/Games/Roleplaying/Live_Action
499,Top/Games/Trading_Card_Games
500,Top/Games/Video_Games
501,Top/Games/Video_Games/Action
502,Top/Games/Video_Games/Action/Space_Combat
503,Top/Games/Video_Games/Action/Space_Combat/Star_Trek_Games
504,Top/Games/Video_Games/Action/Space_Combat/Star_Wars_Games
505,Top/Games/Video_Games/Action-Adventure
506,Top/Games/Video_Games/Action-Adventure/Survival_Horror
507,Top/Games/Video_Games/Adventure
508,Top/Games/Video_Games/Adventure/Graphical_Adventures
509,Top/Games/Video_Games/Adventure/Text_Adventures
510,Top/Games/Video_Games/Console_Platforms
511,Top/Games/Video_Games/Developers_and_Publishers
512,Top/Games/Video_Games/Driving_and_Racing/Combat
513,Top/Games/Video_Games/Driving_and_Racing/Racing
514,Top/Games/Video_Games/Driving_and_Racing/Simulations
515,Top/Games/Video_Games/Emulation
516,Top/Games/Video_Games/Fighting
517,Top/Games/Video_Games/Music_and_Dance
518,Top/Games/Video_Games/Platform
519,Top/Games/Video_Games/Platform/Mario_Games
520,Top/Games/Video_Games/Platform/Sonic_the_Hedgehog_Games
521,Top/Games/Video_Games/Puzzle
522,Top/Games/Video_Games/Recreation
523,Top/Games/Video_Games/Recreation/Board_Games/Chess
524,Top/Games/Video_Games/Roleplaying
525,Top/Games/Video_Games/Roleplaying/Dungeons_&_Dragons_Games
526,Top/Games/Video_Games/Roleplaying/Elder_Scrolls_Series,_The
527,Top/Games/Video_Games/Roleplaying/Final_Fantasy_Games
528,Top/Games/Video_Games/Roleplaying/Massive_Multiplayer_Online
529,Top/Games/Video_Games/Roleplaying/Massive_Multiplayer_Online/EverQuest_Games
530,Top/Games/Video_Games/Roleplaying/Pokémon_Games
531,Top/Games/Video_Games/Roleplaying/Rogue-like
532,Top/Games/Video_Games/Shooter
533,Top/Games/Video_Games/Shooter/Half-Life_Series/Half-Life
534,Top/Games/Video_Games/Shooter/Mecha_Combat_Simulation
535,Top/Games/Video_Games/Shooter/Quake_Series
536,Top/Games/Video_Games/Shooter/Tom_Clancy_Games
537,Top/Games/Video_Games/Simulation
538,Top/Games/Video_Games/Simulation/Flight
539,Top/Games/Video_Games/Simulation/God_Games
540,Top/Games/Video_Games/Simulation/God_Games/Sim_Games
541,Top/Games/Video_Games/Simulation/God_Games/Sim_Games/The_Sims_Series/The_Sims
542,Top/Games/Video_Games/Sports
543,Top/Games/Video_Games/Sports/American_Football/NFL_Games
544,Top/Games/Video_Games/Sports/Basketball/NBA_Games
545,Top/Games/Video_Games/Sports/Soccer
546,Top/Games/Video_Games/Strategy/Real-Time
547,Top/Games/Video_Games/Strategy/Turn-Based
548,Top/Health
549,Top/Health/Addictions/Substance_Abuse
550,Top/Health/Addictions/Substance_Abuse/Alcoholism/Support_Groups/Alcoholics_Anonymous
551,Top/Health/Alternative
552,Top/Health/Alternative/Acupuncture_and_Chinese_Medicine
553,Top/Health/Alternative/Acupuncture_and_Chinese_Medicine/Practitioners/North_America
554,Top/Health/Alternative/Coaching
555,Top/Health/Alternative/Energy_Healing
556,Top/Health/Animal
557,Top/Health/Animal/Alternative_Medicine
558,Top/Health/Animal/Mammals
559,Top/Health/Animal/Veterinary_Medicine
560,Top/Health/Beauty
561,Top/Health/Child_Health
562,Top/Health/Conditions_and_Diseases
563,Top/Health/Conditions_and_Diseases/Cancer
564,Top/Health/Conditions_and_Diseases/Cancer/Hematologic
565,Top/Health/Conditions_and_Diseases/Cancer/Musculoskeletal
566,Top/Health/Conditions_and_Diseases/Cardiovascular_Disorders
567,Top/Health/Conditions_and_Diseases/Cardiovascular_Disorders/Heart_Disease
568,Top/Health/Conditions_and_Diseases/Digestive_Disorders/Intestinal
569,Top/Health/Conditions_and_Diseases/Digestive_Disorders/Liver
570,Top/Health/Conditions_and_Diseases/Endocrine_Disorders/Pancreas
571,Top/Health/Conditions_and_Diseases/Endocrine_Disorders/Thyroid
572,Top/Health/Conditions_and_Diseases/Eye_Disorders
573,Top/Health/Conditions_and_Diseases/Genetic_Disorders
574,Top/Health/Conditions_and_Diseases/Genitourinary_Disorders
575,Top/Health/Conditions_and_Diseases/Immune_Disorders/Immune_Deficiency/AIDS
576,Top/Health/Conditions_and_Diseases/Infectious_Diseases
577,Top/Health/Conditions_and_Diseases/Infectious_Diseases/Bacterial
578,Top/Health/Conditions_and_Diseases/Infectious_Diseases/Parasitic
579,Top/Health/Conditions_and_Diseases/Infectious_Diseases/Viral
580,Top/Health/Conditions_and_Diseases/Musculoskeletal_Disorders
581,Top/Health/Conditions_and_Diseases/Neurological_Disorders
582,Top/Health/Conditions_and_Diseases/Neurological_Disorders/Trauma_and_Injuries
583,Top/Health/Conditions_and_Diseases/Respiratory_Disorders
584,Top/Health/Conditions_and_Diseases/Skin_Disorders
585,Top/Health/Conditions_and_Diseases/Sleep_Disorders
586,Top/Health/Conditions_and_Diseases/Wounds_and_Injuries
587,Top/Health/Dentistry
588,Top/Health/Medicine
589,Top/Health/Medicine/Education
590,Top/Health/Medicine/Facilities/Hospitals/North_America
591,Top/Health/Medicine/Medical_Specialties
592,Top/Health/Medicine/Medical_Specialties/Ophthalmology
593,Top/Health/Medicine/Surgery
594,Top/Health/Medicine/Surgery/Cosmetic_and_Plastic/Surgeons_and_Clinics/North_America
595,Top/Health/Men's_Health
596,Top/Health/Mental_Health
597,Top/Health/Mental_Health/Counseling_Services
598,Top/Health/Mental_Health/Disorders
599,Top/Health/Mental_Health/Disorders/Anxiety
600,Top/Health/Mental_Health/Disorders/Child_and_Adolescent
601,Top/Health/Mental_Health/Disorders/Eating
602,Top/Health/Mental_Health/Disorders/Mood
603,Top/Health/Mental_Health/Disorders/Neurodevelopmental/Autism_Spectrum
604,Top/Health/Nursing
605,Top/Health/Nutrition
606,Top/Health/Occupational_Health_and_Safety
607,Top/Health/Pharmacy/Drugs_and_Medications
608,Top/Health/Professions
609,Top/Health/Public_Health_and_Safety
610,Top/Health/Public_Health_and_Safety/Emergency_Services
611,Top/Health/Public_Health_and_Safety/Emergency_Services/Fire_Fighting/North_America
612,Top/Health/Public_Health_and_Safety/Emergency_Services/Medical
613,Top/Health/Reproductive_Health
614,Top/Health/Reproductive_Health/Infertility
615,Top/Health/Reproductive_Health/Pregnancy_and_Birth
616,Top/Health/Senior_Health
617,Top/Health/Specific_Substances
618,Top/Health/Specific_Substances/Tobacco/Effects
619,Top/Health/Weight_Loss
620,Top/Health/Women's_Health
621,Top/Health/Women's_Health/Conditions_and_Diseases
622,Top/Home
623,Top/Home/Consumer_Information
624,Top/Home/Consumer_Information/Automobiles
625,Top/Home/Consumer_Information/Computers_and_Internet
626,Top/Home/Consumer_Information/Electronics
627,Top/Home/Cooking
628,Top/Home/Cooking/Baking_and_Confections
629,Top/Home/Cooking/Beverages
630,Top/Home/Cooking/Fish_and_Seafood
631,Top/Home/Cooking/Fish_and_Seafood/Shellfish
632,Top/Home/Cooking/Fruits_and_Vegetables
633,Top/Home/Cooking/Holidays
634,Top/Home/Cooking/Meat
635,Top/Home/Cooking/Nuts_and_Seeds
636,Top/Home/Cooking/Recipe_Collections
637,Top/Home/Cooking/Sandwiches
638,Top/Home/Cooking/Soups_and_Stews
639,Top/Home/Cooking/Soups_and_Stews/Fruit_and_Vegetable
640,Top/Home/Cooking/World_Cuisines
641,Top/Home/Cooking/World_Cuisines/African
642,Top/Home/Cooking/World_Cuisines/Asian
643,Top/Home/Cooking/World_Cuisines/European
644,Top/Home/Family
645,Top/Home/Family/Adoption
646,Top/Home/Family/Babies
647,Top/Home/Family/Childcare
648,Top/Home/Family/Family_Websites
649,Top/Home/Family/Multiple_Births
650,Top/Home/Family/Parenting
651,Top/Home/Family/Pregnancy
652,Top/Home/Gardening
653,Top/Home/Gardening/Gardens
654,Top/Home/Gardening/Plants
655,Top/Home/Gardening/Plants/Shrubs
656,Top/Home/Home_Improvement
657,Top/Home/Personal_Finance
658,Top/Home/Personal_Finance/Money_Management
659,Top/News
660,Top/News/Analysis_and_Opinion
661,Top/News/Media
662,Top/News/Media/Journalism
663,Top/News/Media/Journalism/Journalists
664,Top/News/Newspapers
665,Top/Recreation
666,Top/Recreation/Antiques
667,Top/Recreation/Autos
668,Top/Recreation/Autos/Enthusiasts
669,Top/Recreation/Autos/Makes_and_Models
670,Top/Recreation/Autos/Makes_and_Models/Chevrolet
671,Top/Recreation/Autos/Makes_and_Models/Ford
672,Top/Recreation/Aviation
673,Top/Recreation/Aviation/Aircraft
674,Top/Recreation/Aviation/Model_Aviation
675,Top/Recreation/Aviation/Model_Aviation/Radio_Controlled/Airplanes
676,Top/Recreation/Birding
677,Top/Recreation/Birding/North_America
678,Top/Recreation/Boating
679,Top/Recreation/Boating/Sailing
680,Top/Recreation/Camps
681,Top/Recreation/Climbing
682,Top/Recreation/Collecting
683,Top/Recreation/Collecting/Coins
684,Top/Recreation/Collecting/Food_and_Drink_Related
685,Top/Recreation/Collecting/Stamps
686,Top/Recreation/Collecting/Toys
687,Top/Recreation/Collecting/Toys/Lego
688,Top/Recreation/Food
689,Top/Recreation/Food/Drink
690,Top/Recreation/Food/Drink/Beer
691,Top/Recreation/Food/Drink/Wine
692,Top/Recreation/Guns
693,Top/Recreation/Guns/Competition_Shooting
694,Top/Recreation/Humor
695,Top/Recreation/Humor/Bizarre
696,Top/Recreation/Humor/Jokes
697,Top/Recreation/Humor/Wordplay
698,Top/Recreation/Kites
699,Top/Recreation/Living_History
700,Top/Recreation/Living_History/By_Historical_Region/Europe
701,Top/Recreation/Living_History/By_Historical_Region/North_America
702,Top/Recreation/Living_History/Society_for_Creative_Anachronism/Kingdoms
703,Top/Recreation/Models
704,Top/Recreation/Models/Railroad
705,Top/Recreation/Motorcycles
706,Top/Recreation/Motorcycles/Associations_and_Clubs
707,Top/Recreation/Motorcycles/Makes_and_Models
708,Top/Recreation/Outdoors
709,Top/Recreation/Outdoors/Camping
710,Top/Recreation/Outdoors/Camping/Campgrounds/North_America
711,Top/Recreation/Outdoors/Caving
712,Top/Recreation/Outdoors/Caving/Urban_Exploration
713,Top/Recreation/Outdoors/Fishing
714,Top/Recreation/Outdoors/Fishing/Fly_Fishing
715,Top/Recreation/Outdoors/Fishing/Guides_and_Charters
716,Top/Recreation/Outdoors/Fishing/Guides_and_Charters/North_America
717,Top/Recreation/Outdoors/Guides_and_Outfitters/North_America
718,Top/Recreation/Outdoors/Hiking
719,Top/Recreation/Outdoors/Hunting
720,Top/Recreation/Outdoors/Hunting/Guides_and_Outfitters/North_America
721,Top/Recreation/Outdoors/Scuba_Diving
722,Top/Recreation/Outdoors/Scuba_Diving/North_America
723,Top/Recreation/Outdoors/Wildlife
724,Top/Recreation/Pets
725,Top/Recreation/Pets/Birds/Species
726,Top/Recreation/Pets/Birds/Species/Parrots
727,Top/Recreation/Pets/Cats
728,Top/Recreation/Pets/Cats/Breeds
729,Top/Recreation/Pets/Cats/Breeds/Bengal/Catteries
730,Top/Recreation/Pets/Cats/Issues
731,Top/Recreation/Pets/Dogs
732,Top/Recreation/Pets/Dogs/Activities
733,Top/Recreation/Pets/Dogs/Breeds
734,Top/Recreation/Pets/Dogs/Breeds/Herding_Group
735,Top/Recreation/Pets/Dogs/Breeds/Herding_Group/Australian_Shepherd
736,Top/Recreation/Pets/Dogs/Breeds/Herding_Group/German_Shepherd_Dog
737,Top/Recreation/Pets/Dogs/Breeds/Hound_Group
738,Top/Recreation/Pets/Dogs/Breeds/Molosser_Group
739,Top/Recreation/Pets/Dogs/Breeds/Molosser_Group/Rottweiler
740,Top/Recreation/Pets/Dogs/Breeds/NonSporting-Utility_Group
741,Top/Recreation/Pets/Dogs/Breeds/Sporting-Gundog_Group
742,Top/Recreation/Pets/Dogs/Breeds/Sporting-Gundog_Group/Golden_Retriever
743,Top/Recreation/Pets/Dogs/Breeds/Sporting-Gundog_Group/Labrador_Retriever
744,Top/Recreation/Pets/Dogs/Breeds/Terrier_Group
745,Top/Recreation/Pets/Dogs/Breeds/Toy_Group
746,Top/Recreation/Pets/Dogs/Breeds/Working_Group
747,Top/Recreation/Pets/Dogs/Breeds/Working_Group/Siberian_Husky
748,Top/Recreation/Pets/Fish_and_Aquaria
749,Top/Recreation/Pets/Fish_and_Aquaria/Freshwater/Species
750,Top/Recreation/Pets/Rabbits
751,Top/Recreation/Pets/Reptiles_and_Amphibians
752,Top/Recreation/Pets/Rodents
753,Top/Recreation/Radio
754,Top/Recreation/Radio/Amateur
755,Top/Recreation/Radio/Amateur/Boatanchors
756,Top/Recreation/Roads_and_Highways
757,Top/Recreation/Roads_and_Highways/North_America
758,Top/Recreation/Scouting
759,Top/Recreation/Scouting/Campsites
760,Top/Recreation/Scouting/History
761,Top/Recreation/Scouting/Boy_Scouts_of_America
762,Top/Recreation/Scouting/Boy_Scouts_of_America/Troops
763,Top/Recreation/Scouting/United_Kingdom_Scout_Association
764,Top/Recreation/Theme_Parks
765,Top/Recreation/Trains_and_Railroads
766,Top/Recreation/Travel
767,Top/Recreation/Travel/Lodging
768,Top/Recreation/Travel/Specialty_Travel
769,Top/Recreation/Travel/Specialty_Travel/Boat_Charters
770,Top/Recreation/Travel/Specialty_Travel/Boat_Charters/Europe
771,Top/Recreation/Travel/Specialty_Travel/Ecotourism
772,Top/Recreation/Travel/Travelogues
773,Top/Reference
774,Top/Reference/Archives
775,Top/Reference/Dictionaries/By_Subject
776,Top/Reference/Dictionaries/World_Languages
777,Top/Reference/Education
778,Top/Reference/Education/Colleges_and_Universities
779,Top/Reference/Education/Colleges_and_Universities/Asia
780,Top/Reference/Education/Colleges_and_Universities/Europe
781,Top/Reference/Education/Colleges_and_Universities/Europe/University_of_Cambridge/Colleges
782,Top/Reference/Education/Colleges_and_Universities/North_America
783,Top/Reference/Education/Colleges_and_Universities/North_America/California_State_University
784,Top/Reference/Education/Colleges_and_Universities/North_America/Private_Colleges_and_Universities
785,Top/Reference/Education/Colleges_and_Universities/North_America/University_of_California
786,Top/Reference/Education/Colleges_and_Universities/North_America/University_of_Connecticut
787,Top/Reference/Education/Colleges_and_Universities/North_America/University_of_Wisconsin
788,Top/Reference/Education/Colleges_and_Universities/Oceania
789,Top/Reference/Education/Distance_Learning
790,Top/Reference/Education/Educators
791,Top/Reference/Education/Instructional_Technology
792,Top/Reference/Education/K_through_12
793,Top/Reference/Education/K_through_12/Educators
794,Top/Reference/Education/K_through_12/Home_Schooling
795,Top/Reference/Education/K_through_12/Home_Schooling/North_America
796,Top/Reference/Education/Methods_and_Theories/Learning_Theories
797,Top/Reference/Knowledge_Management
798,Top/Reference/Libraries
799,Top/Reference/Libraries/Library_and_Information_Science
800,Top/Reference/Libraries/Library_and_Information_Science/Technical_Services/Cataloguing
801,Top/Reference/Museums
802,Top/Reference/Museums/History
803,Top/Reference/Museums/History/Historic_Houses/North_America
804,Top/Reference/Museums/History/North_America
805,Top/Reference/Museums/Museum_Resources
806,Top/Reference/Museums/Transportation
807,Top/Reference/Quotations
808,Top/Regional
809,Top/Regional/Africa
810,Top/Regional/Africa/Egypt
811,Top/Regional/Africa/Ghana
812,Top/Regional/Africa/Kenya
813,Top/Regional/Africa/Namibia
814,Top/Regional/Africa/Nigeria
815,Top/Regional/Africa/South_Africa
816,Top/Regional/Africa/South_Africa/Provinces
817,Top/Regional/Africa/South_Africa/Provinces/Western_Cape
818,Top/Regional/Africa/South_Africa/Provinces/Western_Cape/Cape_Town
819,Top/Regional/Africa/Tanzania
820,Top/Regional/Africa/Zimbabwe
821,Top/Regional/Asia
822,Top/Regional/Asia/Afghanistan
823,Top/Regional/Asia/China
824,Top/Regional/Asia/Hong_Kong
825,Top/Regional/Asia/India
826,Top/Regional/Asia/India/Delhi
827,Top/Regional/Asia/India/Gujarat/Localities
828,Top/Regional/Asia/India/Karnataka/Localities
829,Top/Regional/Asia/India/Kerala
830,Top/Regional/Asia/India/Maharashtra/Localities
831,Top/Regional/Asia/India/Maharashtra/Localities/Mumbai
832,Top/Regional/Asia/India/Tamil_Nadu
833,Top/Regional/Asia/India/Tamil_Nadu/Localities/Chennai
834,Top/Regional/Asia/India/West_Bengal
835,Top/Regional/Asia/Indonesia
836,Top/Regional/Asia/Indonesia/Provinces
837,Top/Regional/Asia/Indonesia/Provinces/Bali
838,Top/Regional/Asia/Japan
839,Top/Regional/Asia/Japan/Prefectures
840,Top/Regional/Asia/Japan/Prefectures/Tokyo
841,Top/Regional/Asia/Malaysia
842,Top/Regional/Asia/Malaysia/States_and_Federal_Territories
843,Top/Regional/Asia/Myanmar
844,Top/Regional/Asia/Nepal
845,Top/Regional/Asia/Pakistan
846,Top/Regional/Asia/Philippines
847,Top/Regional/Asia/Philippines/Provinces
848,Top/Regional/Asia/Singapore
849,Top/Regional/Asia/South_Korea
850,Top/Regional/Asia/Sri_Lanka
851,Top/Regional/Asia/Thailand
852,Top/Regional/Asia/Thailand/Provinces
853,Top/Regional/Asia/Vietnam
854,Top/Regional/Caribbean
855,Top/Regional/Caribbean/Bahamas/Islands
856,Top/Regional/Caribbean/Cuba
857,Top/Regional/Caribbean/Puerto_Rico
858,Top/Regional/Caribbean/US_Virgin_Islands
859,Top/Regional/Central_America
860,Top/Regional/Central_America/Belize
861,Top/Regional/Central_America/Costa_Rica
862,Top/Regional/Central_America/Costa_Rica/Guanacaste_Province
863,Top/Regional/Central_America/Costa_Rica/Puntarenas_Province/Localities
864,Top/Regional/Central_America/Costa_Rica/San_Jose_Province/Localities/San_Jose
865,Top/Regional/Central_America/Honduras
866,Top/Regional/Europe
867,Top/Regional/Europe/Belgium
868,Top/Regional/Europe/Bulgaria
869,Top/Regional/Europe/Croatia
870,Top/Regional/Europe/Czech_Republic
871,Top/Regional/Europe/Denmark
872,Top/Regional/Europe/France
873,Top/Regional/Europe/France/Regions
874,Top/Regional/Europe/Germany/States
875,Top/Regional/Europe/Greece
876,Top/Regional/Europe/Greece/Prefectures
877,Top/Regional/Europe/Greece/Prefectures/Cyclades
878,Top/Regional/Europe/Ireland
879,Top/Regional/Europe/Ireland/Cork/Localities
880,Top/Regional/Europe/Ireland/Dublin/Localities
881,Top/Regional/Europe/Ireland/Galway
882,Top/Regional/Europe/Italy
883,Top/Regional/Europe/Italy/Regions
884,Top/Regional/Europe/Italy/Regions/Tuscany/Localities
885,Top/Regional/Europe/Malta
886,Top/Regional/Europe/Netherlands
887,Top/Regional/Europe/Poland
888,Top/Regional/Europe/Portugal
889,Top/Regional/Europe/Romania
890,Top/Regional/Europe/Russia
891,Top/Regional/Europe/Spain
892,Top/Regional/Europe/Spain/Autonomous_Communities
893,Top/Regional/Europe/Spain/Autonomous_Communities/Andalucia
894,Top/Regional/Europe/Spain/Autonomous_Communities/Andalucia/Malaga
895,Top/Regional/Europe/Spain/Autonomous_Communities/Catalonia
896,Top/Regional/Europe/Spain/Autonomous_Communities/Valencian_Community
897,Top/Regional/Europe/Sweden
898,Top/Regional/Europe/Ukraine
899,Top/Regional/Europe/United_Kingdom
900,Top/Regional/Europe/United_Kingdom/England
901,Top/Regional/Europe/United_Kingdom/England/Bedfordshire
902,Top/Regional/Europe/United_Kingdom/England/Berkshire
903,Top/Regional/Europe/United_Kingdom/England/Bristol
904,Top/Regional/Europe/United_Kingdom/England/Buckinghamshire
905,Top/Regional/Europe/United_Kingdom/England/Cambridgeshire
906,Top/Regional/Europe/United_Kingdom/England/Cambridgeshire/Cambridge
907,Top/Regional/Europe/United_Kingdom/England/Cheshire
908,Top/Regional/Europe/United_Kingdom/England/Cleveland
909,Top/Regional/Europe/United_Kingdom/England/Cornwall
910,Top/Regional/Europe/United_Kingdom/England/Cornwall/St_Ives
911,Top/Regional/Europe/United_Kingdom/England/County_Durham
912,Top/Regional/Europe/United_Kingdom/England/Cumbria
913,Top/Regional/Europe/United_Kingdom/England/Derbyshire
914,Top/Regional/Europe/United_Kingdom/England/Devon
915,Top/Regional/Europe/United_Kingdom/England/Dorset
916,Top/Regional/Europe/United_Kingdom/England/Dorset/Bournemouth
917,Top/Regional/Europe/United_Kingdom/England/East_Riding_of_Yorkshire
918,Top/Regional/Europe/United_Kingdom/England/East_Sussex
919,Top/Regional/Europe/United_Kingdom/England/East_Sussex/Brighton_and_Hove
920,Top/Regional/Europe/United_Kingdom/England/Essex
921,Top/Regional/Europe/United_Kingdom/England/Gloucestershire
922,Top/Regional/Europe/United_Kingdom/England/Hampshire
923,Top/Regional/Europe/United_Kingdom/England/Hampshire/Southampton
924,Top/Regional/Europe/United_Kingdom/England/Herefordshire
925,Top/Regional/Europe/United_Kingdom/England/Hertfordshire
926,Top/Regional/Europe/United_Kingdom/England/Isle_of_Wight
927,Top/Regional/Europe/United_Kingdom/England/Kent
928,Top/Regional/Europe/United_Kingdom/England/Lancashire
929,Top/Regional/Europe/United_Kingdom/England/Lancashire/Blackpool
930,Top/Regional/Europe/United_Kingdom/England/Leicestershire
931,Top/Regional/Europe/United_Kingdom/England/Lincolnshire
932,Top/Regional/Europe/United_Kingdom/England/London
933,Top/Regional/Europe/United_Kingdom/England/London/Westminster
934,Top/Regional/Europe/United_Kingdom/England/Manchester
935,Top/Regional/Europe/United_Kingdom/England/Merseyside
936,Top/Regional/Europe/United_Kingdom/England/Merseyside/Liverpool
937,Top/Regional/Europe/United_Kingdom/England/Norfolk
938,Top/Regional/Europe/United_Kingdom/England/Norfolk/Norwich
939,Top/Regional/Europe/United_Kingdom/England/North_Yorkshire
940,Top/Regional/Europe/United_Kingdom/England/North_Yorkshire/York
941,Top/Regional/Europe/United_Kingdom/England/Northamptonshire
942,Top/Regional/Europe/United_Kingdom/England/Northumberland
943,Top/Regional/Europe/United_Kingdom/England/Nottinghamshire
944,Top/Regional/Europe/United_Kingdom/England/Nottinghamshire/Nottingham
945,Top/Regional/Europe/United_Kingdom/England/Oxfordshire
946,Top/Regional/Europe/United_Kingdom/England/Regions
947,Top/Regional/Europe/United_Kingdom/England/Shropshire
948,Top/Regional/Europe/United_Kingdom/England/Somerset
949,Top/Regional/Europe/United_Kingdom/England/Somerset/Bath
950,Top/Regional/Europe/United_Kingdom/England/South_Yorkshire
951,Top/Regional/Europe/United_Kingdom/England/South_Yorkshire/Sheffield
952,Top/Regional/Europe/United_Kingdom/England/Staffordshire
953,Top/Regional/Europe/United_Kingdom/England/Suffolk
954,Top/Regional/Europe/United_Kingdom/England/Surrey
955,Top/Regional/Europe/United_Kingdom/England/Tyne_and_Wear
956,Top/Regional/Europe/United_Kingdom/England/Warwickshire
957,Top/Regional/Europe/United_Kingdom/England/West_Midlands
958,Top/Regional/Europe/United_Kingdom/England/West_Midlands/Birmingham
959,Top/Regional/Europe/United_Kingdom/England/West_Sussex
960,Top/Regional/Europe/United_Kingdom/England/West_Yorkshire
961,Top/Regional/Europe/United_Kingdom/England/West_Yorkshire/Bradford
962,Top/Regional/Europe/United_Kingdom/England/West_Yorkshire/Leeds
963,Top/Regional/Europe/United_Kingdom/England/Wiltshire
964,Top/Regional/Europe/United_Kingdom/England/Worcestershire
965,Top/Regional/Europe/United_Kingdom/Northern_Ireland
966,Top/Regional/Europe/United_Kingdom/Northern_Ireland/Antrim
967,Top/Regional/Europe/United_Kingdom/Northern_Ireland/Down
968,Top/Regional/Europe/United_Kingdom/Scotland
969,Top/Regional/Europe/United_Kingdom/Scotland/Aberdeenshire
970,Top/Regional/Europe/United_Kingdom/Scotland/Argyll_and_Bute
971,Top/Regional/Europe/United_Kingdom/Scotland/Dumfries_and_Galloway
972,Top/Regional/Europe/United_Kingdom/Scotland/Edinburgh,_City_of
973,Top/Regional/Europe/United_Kingdom/Scotland/Fife
974,Top/Regional/Europe/United_Kingdom/Scotland/Glasgow,_City_of
975,Top/Regional/Europe/United_Kingdom/Scotland/Highland
976,Top/Regional/Europe/United_Kingdom/Scotland/Perth_and_Kinross
977,Top/Regional/Europe/United_Kingdom/Wales
978,Top/Regional/Europe/United_Kingdom/Wales/Cardiff
979,Top/Regional/Europe/United_Kingdom/Wales/Carmarthenshire
980,Top/Regional/Europe/United_Kingdom/Wales/Conwy_County_Borough
981,Top/Regional/Europe/United_Kingdom/Wales/Gwynedd
982,Top/Regional/Europe/United_Kingdom/Wales/Pembrokeshire
983,Top/Regional/Europe/United_Kingdom/Wales/Powys
984,Top/Regional/Middle_East
985,Top/Regional/Middle_East/Cyprus/Localities
986,Top/Regional/Middle_East/Iran
987,Top/Regional/Middle_East/Israel
988,Top/Regional/Middle_East/Israel/Localities
989,Top/Regional/Middle_East/Lebanon
990,Top/Regional/Middle_East/Palestinian_Territory
991,Top/Regional/Middle_East/Turkey/Provinces
992,Top/Regional/North_America
993,Top/Regional/North_America/Canada
994,Top/Regional/North_America/Canada/Alberta
995,Top/Regional/North_America/Canada/Alberta/Localities
996,Top/Regional/North_America/Canada/Alberta/Localities/Calgary
997,Top/Regional/North_America/Canada/Alberta/Localities/Edmonton
998,Top/Regional/North_America/Canada/British_Columbia
999,Top/Regional/North_America/Canada/British_Columbia/Islands
1000,Top/Regional/North_America/Canada/British_Columbia/Localities
1001,Top/Regional/North_America/Canada/British_Columbia/Localities/Kelowna
1002,Top/Regional/North_America/Canada/British_Columbia/Localities/Prince_George
1003,Top/Regional/North_America/Canada/British_Columbia/Localities/Vancouver
1004,Top/Regional/North_America/Canada/British_Columbia/Localities/Victoria
1005,Top/Regional/North_America/Canada/Manitoba/Localities
1006,Top/Regional/North_America/Canada/Manitoba/Localities/Winnipeg
1007,Top/Regional/North_America/Canada/New_Brunswick/Localities
1008,Top/Regional/North_America/Canada/Newfoundland_and_Labrador/Localities
1009,Top/Regional/North_America/Canada/Nova_Scotia
1010,Top/Regional/North_America/Canada/Nova_Scotia/Localities
1011,Top/Regional/North_America/Canada/Nova_Scotia/Localities/Halifax
1012,Top/Regional/North_America/Canada/Ontario
1013,Top/Regional/North_America/Canada/Ontario/Counties_and_Districts
1014,Top/Regional/North_America/Canada/Ontario/Localities
1015,Top/Regional/North_America/Canada/Ontario/Localities/Barrie
1016,Top/Regional/North_America/Canada/Ontario/Localities/Guelph
1017,Top/Regional/North_America/Canada/Ontario/Localities/Hamilton
1018,Top/Regional/North_America/Canada/Ontario/Localities/Kitchener-Waterloo
1019,Top/Regional/North_America/Canada/Ontario/Localities/London
1020,Top/Regional/North_America/Canada/Ontario/Localities/Mississauga
1021,Top/Regional/North_America/Canada/Ontario/Localities/Ottawa
1022,Top/Regional/North_America/Canada/Ontario/Localities/Toronto
1023,Top/Regional/North_America/Canada/Quebec
1024,Top/Regional/North_America/Canada/Quebec/Localities
1025,Top/Regional/North_America/Canada/Quebec/Localities/Montreal
1026,Top/Regional/North_America/Canada/Saskatchewan/Localities
1027,Top/Regional/North_America/Canada/Yukon
1028,Top/Regional/North_America/Mexico
1029,Top/Regional/North_America/Mexico/States
1030,Top/Regional/North_America/Mexico/States/Baja_California_Sur
1031,Top/Regional/North_America/Mexico/States/Guerrero/Localities
1032,Top/Regional/North_America/Mexico/States/Jalisco/Localities
1033,Top/Regional/North_America/Mexico/States/Quintana_Roo/Localities
1034,Top/Regional/North_America/United_States
1035,Top/Regional/North_America/United_States/Alabama
1036,Top/Regional/North_America/United_States/Alabama/Localities
1037,Top/Regional/North_America/United_States/Alaska
1038,Top/Regional/North_America/United_States/Alaska/Localities
1039,Top/Regional/North_America/United_States/Alaska/Localities/Anchorage
1040,Top/Regional/North_America/United_States/Alaska/Localities/Fairbanks
1041,Top/Regional/North_America/United_States/Alaska/Localities/Homer
1042,Top/Regional/North_America/United_States/Arizona
1043,Top/Regional/North_America/United_States/Arizona/Localities
1044,Top/Regional/North_America/United_States/Arizona/Localities/Mesa
1045,Top/Regional/North_America/United_States/Arizona/Localities/Phoenix
1046,Top/Regional/North_America/United_States/Arizona/Localities/Scottsdale
1047,Top/Regional/North_America/United_States/Arizona/Localities/Tucson
1048,Top/Regional/North_America/United_States/Arkansas
1049,Top/Regional/North_America/United_States/Arkansas/Localities
1050,Top/Regional/North_America/United_States/California
1051,Top/Regional/North_America/United_States/California/Counties
1052,Top/Regional/North_America/United_States/California/Counties/Los_Angeles
1053,Top/Regional/North_America/United_States/California/Counties/San_Diego
1054,Top/Regional/North_America/United_States/California/Localities
1055,Top/Regional/North_America/United_States/California/Localities/Anaheim
1056,Top/Regional/North_America/United_States/California/Localities/Bakersfield
1057,Top/Regional/North_America/United_States/California/Localities/Fresno
1058,Top/Regional/North_America/United_States/California/Localities/Long_Beach
1059,Top/Regional/North_America/United_States/California/Localities/Los_Angeles
1060,Top/Regional/North_America/United_States/California/Localities/Modesto
1061,Top/Regional/North_America/United_States/California/Localities/Sacramento
1062,Top/Regional/North_America/United_States/California/Localities/San_Diego
1063,Top/Regional/North_America/United_States/California/Localities/San_Francisco
1064,Top/Regional/North_America/United_States/California/Localities/San_Jose
1065,Top/Regional/North_America/United_States/California/Metro_Areas/San_Francisco_Bay_Area
1066,Top/Regional/North_America/United_States/California/Regions
1067,Top/Regional/North_America/United_States/California/Regions/Southern_California
1068,Top/Regional/North_America/United_States/Colorado
1069,Top/Regional/North_America/United_States/Colorado/Localities
1070,Top/Regional/North_America/United_States/Colorado/Localities/Boulder
1071,Top/Regional/North_America/United_States/Colorado/Localities/Colorado_Springs
1072,Top/Regional/North_America/United_States/Colorado/Localities/Denver
1073,Top/Regional/North_America/United_States/Colorado/Localities/Fort_Collins
1074,Top/Regional/North_America/United_States/Connecticut
1075,Top/Regional/North_America/United_States/Connecticut/Counties
1076,Top/Regional/North_America/United_States/Connecticut/Localities
1077,Top/Regional/North_America/United_States/Connecticut/Localities/Hartford
1078,Top/Regional/North_America/United_States/Delaware/Localities
1079,Top/Regional/North_America/United_States/Florida
1080,Top/Regional/North_America/United_States/Florida/Counties
1081,Top/Regional/North_America/United_States/Florida/Localities
1082,Top/Regional/North_America/United_States/Florida/Localities/Fort_Lauderdale
1083,Top/Regional/North_America/United_States/Florida/Localities/Jacksonville
1084,Top/Regional/North_America/United_States/Florida/Localities/Miami
1085,Top/Regional/North_America/United_States/Florida/Localities/Naples
1086,Top/Regional/North_America/United_States/Florida/Localities/Orlando
1087,Top/Regional/North_America/United_States/Florida/Localities/Tampa
1088,Top/Regional/North_America/United_States/Florida/Metro_Areas
1089,Top/Regional/North_America/United_States/Georgia
1090,Top/Regional/North_America/United_States/Georgia/Counties
1091,Top/Regional/North_America/United_States/Georgia/Localities
1092,Top/Regional/North_America/United_States/Georgia/Localities/Atlanta
1093,Top/Regional/North_America/United_States/Georgia/Localities/Marietta
1094,Top/Regional/North_America/United_States/Hawaii
1095,Top/Regional/North_America/United_States/Hawaii/Hawaii_Island/Localities
1096,Top/Regional/North_America/United_States/Hawaii/Kauai/Localities
1097,Top/Regional/North_America/United_States/Hawaii/Maui
1098,Top/Regional/North_America/United_States/Hawaii/Maui/Localities
1099,Top/Regional/North_America/United_States/Hawaii/Oahu/Localities
1100,Top/Regional/North_America/United_States/Idaho
1101,Top/Regional/North_America/United_States/Idaho/Localities
1102,Top/Regional/North_America/United_States/Idaho/Localities/Boise
1103,Top/Regional/North_America/United_States/Illinois
1104,Top/Regional/North_America/United_States/Illinois/Counties
1105,Top/Regional/North_America/United_States/Illinois/Localities
1106,Top/Regional/North_America/United_States/Illinois/Localities/Chicago
1107,Top/Regional/North_America/United_States/Illinois/Localities/Schaumburg
1108,Top/Regional/North_America/United_States/Illinois/Metro_Areas/Chicago
1109,Top/Regional/North_America/United_States/Illinois/Regions
1110,Top/Regional/North_America/United_States/Indiana
1111,Top/Regional/North_America/United_States/Indiana/Counties
1112,Top/Regional/North_America/United_States/Indiana/Localities
1113,Top/Regional/North_America/United_States/Indiana/Localities/Indianapolis
1114,Top/Regional/North_America/United_States/Iowa
1115,Top/Regional/North_America/United_States/Iowa/Counties
1116,Top/Regional/North_America/United_States/Iowa/Localities
1117,Top/Regional/North_America/United_States/Iowa/Localities/Des_Moines
1118,Top/Regional/North_America/United_States/Iowa/Regions
1119,Top/Regional/North_America/United_States/Kansas
1120,Top/Regional/North_America/United_States/Kansas/Localities
1121,Top/Regional/North_America/United_States/Kentucky
1122,Top/Regional/North_America/United_States/Kentucky/Counties
1123,Top/Regional/North_America/United_States/Kentucky/Localities
1124,Top/Regional/North_America/United_States/Kentucky/Localities/Lexington
1125,Top/Regional/North_America/United_States/Kentucky/Localities/Louisville
1126,Top/Regional/North_America/United_States/Louisiana
1127,Top/Regional/North_America/United_States/Louisiana/Localities
1128,Top/Regional/North_America/United_States/Louisiana/Localities/New_Orleans
1129,Top/Regional/North_America/United_States/Maine
1130,Top/Regional/North_America/United_States/Maine/Localities
1131,Top/Regional/North_America/United_States/Maryland
1132,Top/Regional/North_America/United_States/Maryland/Counties
1133,Top/Regional/North_America/United_States/Maryland/Localities
1134,Top/Regional/North_America/United_States/Maryland/Localities/Annapolis
1135,Top/Regional/North_America/United_States/Maryland/Localities/Baltimore
1136,Top/Regional/North_America/United_States/Maryland/Localities/Bethesda
1137,Top/Regional/North_America/United_States/Maryland/Localities/Frederick
1138,Top/Regional/North_America/United_States/Maryland/Localities/Gaithersburg
1139,Top/Regional/North_America/United_States/Maryland/Localities/Ocean_City
1140,Top/Regional/North_America/United_States/Maryland/Localities/Rockville
1141,Top/Regional/North_America/United_States/Maryland/Localities/Silver_Spring
1142,Top/Regional/North_America/United_States/Maryland/Metro_Areas_and_Regions
1143,Top/Regional/North_America/United_States/Massachusetts
1144,Top/Regional/North_America/United_States/Massachusetts/Counties
1145,Top/Regional/North_America/United_States/Massachusetts/Localities
1146,Top/Regional/North_America/United_States/Massachusetts/Localities/Boston
1147,Top/Regional/North_America/United_States/Massachusetts/Localities/Cambridge
1148,Top/Regional/North_America/United_States/Massachusetts/Localities/Framingham
1149,Top/Regional/North_America/United_States/Massachusetts/Localities/Newton
1150,Top/Regional/North_America/United_States/Massachusetts/Localities/Worcester
1151,Top/Regional/North_America/United_States/Massachusetts/Regions
1152,Top/Regional/North_America/United_States/Massachusetts/Regions/Greater_Boston
1153,Top/Regional/North_America/United_States/Michigan
1154,Top/Regional/North_America/United_States/Michigan/Counties
1155,Top/Regional/North_America/United_States/Michigan/Localities
1156,Top/Regional/North_America/United_States/Michigan/Localities/Ann_Arbor
1157,Top/Regional/North_America/United_States/Michigan/Localities/Grand_Rapids
1158,Top/Regional/North_America/United_States/Michigan/Localities/Traverse_City
1159,Top/Regional/North_America/United_States/Michigan/Regions
1160,Top/Regional/North_America/United_States/Minnesota
1161,Top/Regional/North_America/United_States/Minnesota/Counties
1162,Top/Regional/North_America/United_States/Minnesota/Localities
1163,Top/Regional/North_America/United_States/Minnesota/Localities/Minneapolis
1164,Top/Regional/North_America/United_States/Minnesota/Regions
1165,Top/Regional/North_America/United_States/Mississippi
1166,Top/Regional/North_America/United_States/Mississippi/Localities
1167,Top/Regional/North_America/United_States/Missouri
1168,Top/Regional/North_America/United_States/Missouri/Localities
1169,Top/Regional/North_America/United_States/Missouri/Localities/Saint_Louis
1170,Top/Regional/North_America/United_States/Montana
1171,Top/Regional/North_America/United_States/Montana/Localities
1172,Top/Regional/North_America/United_States/Nebraska/Localities
1173,Top/Regional/North_America/United_States/Nebraska/Localities/Lincoln
1174,Top/Regional/North_America/United_States/Nebraska/Localities/Omaha
1175,Top/Regional/North_America/United_States/Nevada
1176,Top/Regional/North_America/United_States/Nevada/Localities
1177,Top/Regional/North_America/United_States/Nevada/Localities/Las_Vegas
1178,Top/Regional/North_America/United_States/New_Hampshire
1179,Top/Regional/North_America/United_States/New_Hampshire/Localities
1180,Top/Regional/North_America/United_States/New_Jersey
1181,Top/Regional/North_America/United_States/New_Jersey/Counties
1182,Top/Regional/North_America/United_States/New_Jersey/Localities
1183,Top/Regional/North_America/United_States/New_Mexico
1184,Top/Regional/North_America/United_States/New_Mexico/Localities
1185,Top/Regional/North_America/United_States/New_Mexico/Localities/Albuquerque
1186,Top/Regional/North_America/United_States/New_York
1187,Top/Regional/North_America/United_States/New_York/Counties
1188,Top/Regional/North_America/United_States/New_York/Localities
1189,Top/Regional/North_America/United_States/New_York/Localities/New_York_City
1190,Top/Regional/North_America/United_States/New_York/Localities/New_York_City/Brooklyn
1191,Top/Regional/North_America/United_States/New_York/Localities/New_York_City/Manhattan
1192,Top/Regional/North_America/United_States/New_York/Localities/New_York_City/Queens
1193,Top/Regional/North_America/United_States/New_York/Localities/Rochester
1194,Top/Regional/North_America/United_States/New_York/Regions
1195,Top/Regional/North_America/United_States/North_Carolina
1196,Top/Regional/North_America/United_States/North_Carolina/Counties
1197,Top/Regional/North_America/United_States/North_Carolina/Localities
1198,Top/Regional/North_America/United_States/North_Carolina/Localities/Asheville
1199,Top/Regional/North_America/United_States/North_Carolina/Localities/Charlotte
1200,Top/Regional/North_America/United_States/North_Carolina/Localities/Raleigh
1201,Top/Regional/North_America/United_States/North_Carolina/Metro_Areas
1202,Top/Regional/North_America/United_States/North_Dakota
1203,Top/Regional/North_America/United_States/North_Dakota/Localities
1204,Top/Regional/North_America/United_States/Ohio
1205,Top/Regional/North_America/United_States/Ohio/Counties
1206,Top/Regional/North_America/United_States/Ohio/Localities
1207,Top/Regional/North_America/United_States/Ohio/Localities/Akron
1208,Top/Regional/North_America/United_States/Ohio/Localities/Cincinnati
1209,Top/Regional/North_America/United_States/Ohio/Localities/Cleveland
1210,Top/Regional/North_America/United_States/Ohio/Localities/Columbus
1211,Top/Regional/North_America/United_States/Ohio/Regions
1212,Top/Regional/North_America/United_States/Oklahoma
1213,Top/Regional/North_America/United_States/Oklahoma/Localities
1214,Top/Regional/North_America/United_States/Oklahoma/Localities/Tulsa
1215,Top/Regional/North_America/United_States/Oregon
1216,Top/Regional/North_America/United_States/Oregon/Localities
1217,Top/Regional/North_America/United_States/Oregon/Localities/Portland
1218,Top/Regional/North_America/United_States/Pennsylvania
1219,Top/Regional/North_America/United_States/Pennsylvania/Counties
1220,Top/Regional/North_America/United_States/Pennsylvania/Localities
1221,Top/Regional/North_America/United_States/Pennsylvania/Localities/Erie
1222,Top/Regional/North_America/United_States/Pennsylvania/Localities/Philadelphia
1223,Top/Regional/North_America/United_States/Pennsylvania/Localities/Pittsburgh
1224,Top/Regional/North_America/United_States/Regions
1225,Top/Regional/North_America/United_States/Regions/New_England
1226,Top/Regional/North_America/United_States/Rhode_Island
1227,Top/Regional/North_America/United_States/Rhode_Island/Localities
1228,Top/Regional/North_America/United_States/South_Carolina
1229,Top/Regional/North_America/United_States/South_Carolina/Counties
1230,Top/Regional/North_America/United_States/South_Carolina/Localities
1231,Top/Regional/North_America/United_States/South_Carolina/Localities/Charleston
1232,Top/Regional/North_America/United_States/South_Carolina/Localities/Columbia
1233,Top/Regional/North_America/United_States/South_Carolina/Localities/Greenville
1234,Top/Regional/North_America/United_States/South_Carolina/Localities/Hilton_Head_Island
1235,Top/Regional/North_America/United_States/South_Carolina/Localities/Myrtle_Beach
1236,Top/Regional/North_America/United_States/South_Carolina/Metro_Areas
1237,Top/Regional/North_America/United_States/South_Dakota/Localities
1238,Top/Regional/North_America/United_States/Tennessee
1239,Top/Regional/North_America/United_States/Tennessee/Counties
1240,Top/Regional/North_America/United_States/Tennessee/Localities
1241,Top/Regional/North_America/United_States/Tennessee/Localities/Knoxville
1242,Top/Regional/North_America/United_States/Tennessee/Localities/Memphis
1243,Top/Regional/North_America/United_States/Tennessee/Localities/Nashville
1244,Top/Regional/North_America/United_States/Tennessee/Regions
1245,Top/Regional/North_America/United_States/Texas
1246,Top/Regional/North_America/United_States/Texas/Counties
1247,Top/Regional/North_America/United_States/Texas/Localities
1248,Top/Regional/North_America/United_States/Texas/Localities/Abilene
1249,Top/Regional/North_America/United_States/Texas/Localities/Austin
1250,Top/Regional/North_America/United_States/Texas/Localities/Dallas
1251,Top/Regional/North_America/United_States/Texas/Localities/Fort_Worth
1252,Top/Regional/North_America/United_States/Texas/Localities/Houston
1253,Top/Regional/North_America/United_States/Texas/Localities/Lubbock
1254,Top/Regional/North_America/United_States/Texas/Localities/San_Antonio
1255,Top/Regional/North_America/United_States/Texas/Localities/Tyler
1256,Top/Regional/North_America/United_States/Texas/Metro_Areas
1257,Top/Regional/North_America/United_States/Utah
1258,Top/Regional/North_America/United_States/Utah/Localities
1259,Top/Regional/North_America/United_States/Utah/Localities/Salt_Lake_City
1260,Top/Regional/North_America/United_States/Vermont
1261,Top/Regional/North_America/United_States/Vermont/Counties
1262,Top/Regional/North_America/United_States/Vermont/Localities
1263,Top/Regional/North_America/United_States/Virginia
1264,Top/Regional/North_America/United_States/Virginia/Counties
1265,Top/Regional/North_America/United_States/Virginia/Counties/Arlington
1266,Top/Regional/North_America/United_States/Virginia/Localities
1267,Top/Regional/North_America/United_States/Virginia/Localities/Alexandria
1268,Top/Regional/North_America/United_States/Virginia/Localities/Newport_News
1269,Top/Regional/North_America/United_States/Virginia/Localities/Richmond
1270,Top/Regional/North_America/United_States/Virginia/Localities/Virginia_Beach
1271,Top/Regional/North_America/United_States/Virginia/Regions
1272,Top/Regional/North_America/United_States/Washington
1273,Top/Regional/North_America/United_States/Washington/Counties
1274,Top/Regional/North_America/United_States/Washington/Counties/King
1275,Top/Regional/North_America/United_States/Washington/Localities
1276,Top/Regional/North_America/United_States/Washington/Localities/Bellevue
1277,Top/Regional/North_America/United_States/Washington/Localities/Bellingham
1278,Top/Regional/North_America/United_States/Washington/Localities/Olympia
1279,Top/Regional/North_America/United_States/Washington/Localities/Seattle
1280,Top/Regional/North_America/United_States/Washington/Localities/Spokane
1281,Top/Regional/North_America/United_States/Washington/Localities/Tacoma
1282,Top/Regional/North_America/United_States/Washington/Localities/Vancouver
1283,Top/Regional/North_America/United_States/Washington,_DC
1284,Top/Regional/North_America/United_States/West_Virginia
1285,Top/Regional/North_America/United_States/West_Virginia/Counties
1286,Top/Regional/North_America/United_States/West_Virginia/Localities
1287,Top/Regional/North_America/United_States/Wisconsin
1288,Top/Regional/North_America/United_States/Wisconsin/Counties
1289,Top/Regional/North_America/United_States/Wisconsin/Localities
1290,Top/Regional/North_America/United_States/Wisconsin/Localities/Madison
1291,Top/Regional/North_America/United_States/Wisconsin/Localities/Milwaukee
1292,Top/Regional/North_America/United_States/Wyoming
1293,Top/Regional/North_America/United_States/Wyoming/Localities
1294,Top/Regional/Oceania
1295,Top/Regional/Oceania/Australia
1296,Top/Regional/Oceania/Australia/New_South_Wales
1297,Top/Regional/Oceania/Australia/New_South_Wales/Localities
1298,Top/Regional/Oceania/Australia/New_South_Wales/Regions
1299,Top/Regional/Oceania/Australia/Northern_Territory
1300,Top/Regional/Oceania/Australia/Queensland
1301,Top/Regional/Oceania/Australia/Queensland/Localities
1302,Top/Regional/Oceania/Australia/South_Australia
1303,Top/Regional/Oceania/Australia/South_Australia/Localities
1304,Top/Regional/Oceania/Australia/Tasmania
1305,Top/Regional/Oceania/Australia/Tasmania/Localities
1306,Top/Regional/Oceania/Australia/Victoria
1307,Top/Regional/Oceania/Australia/Victoria/Localities
1308,Top/Regional/Oceania/Australia/Victoria/Regions
1309,Top/Regional/Oceania/Australia/Western_Australia
1310,Top/Regional/Oceania/Australia/Western_Australia/Localities
1311,Top/Regional/Oceania/New_Zealand
1312,Top/Regional/Oceania/New_Zealand/Auckland
1313,Top/Regional/Oceania/New_Zealand/Auckland/Councils/Auckland_City
1314,Top/Regional/Oceania/New_Zealand/Auckland/Localities
1315,Top/Regional/Oceania/New_Zealand/Canterbury/Christchurch
1316,Top/Regional/Oceania/New_Zealand/Marlborough_District
1317,Top/Regional/Oceania/New_Zealand/Northland/Localities
1318,Top/Regional/Oceania/New_Zealand/Otago
1319,Top/Regional/Oceania/New_Zealand/Otago/Localities/Dunedin
1320,Top/Regional/Oceania/New_Zealand/Waikato/Localities
1321,Top/Regional/Oceania/Papua_New_Guinea
1322,Top/Regional/South_America
1323,Top/Regional/South_America/Argentina
1324,Top/Regional/South_America/Brazil
1325,Top/Regional/South_America/Ecuador
1326,Top/Regional/South_America/Peru
1327,Top/Science
1328,Top/Science/Agriculture
1329,Top/Science/Agriculture/Field_Crops
1330,Top/Science/Agriculture/Horticulture
1331,Top/Science/Astronomy
1332,Top/Science/Astronomy/Amateur
1333,Top/Science/Astronomy/Business/Telescopes,_Binoculars_and_Accessories
1334,Top/Science/Astronomy/Solar_System
1335,Top/Science/Astronomy/Solar_System/Planets
1336,Top/Science/Anomalies_and_Alternative_Science
1337,Top/Science/Biology
1338,Top/Science/Biology/Biochemistry_and_Molecular_Biology
1339,Top/Science/Biology/Bioinformatics
1340,Top/Science/Biology/Botany
1341,Top/Science/Biology/Ecology
1342,Top/Science/Biology/Flora_and_Fauna
1343,Top/Science/Biology/Flora_and_Fauna/Animalia
1344,Top/Science/Biology/Flora_and_Fauna/Animalia/Arthropoda
1345,Top/Science/Biology/Flora_and_Fauna/Animalia/Arthropoda/Insecta
1346,Top/Science/Biology/Flora_and_Fauna/Animalia/Chordata/Aves
1347,Top/Science/Biology/Flora_and_Fauna/Animalia/Chordata/Aves/Passeriformes
1348,Top/Science/Biology/Flora_and_Fauna/Animalia/Chordata/Fish
1349,Top/Science/Biology/Flora_and_Fauna/Animalia/Chordata/Mammalia
1350,Top/Science/Biology/Flora_and_Fauna/Animalia/Chordata/Mammalia/Carnivora
1351,Top/Science/Biology/Flora_and_Fauna/Animalia/Chordata/Mammalia/Cetacea
1352,Top/Science/Biology/Flora_and_Fauna/Animalia/Chordata/Reptilia
1353,Top/Science/Biology/Flora_and_Fauna/Fungi/Basidiomycota
1354,Top/Science/Biology/Flora_and_Fauna/Plantae
1355,Top/Science/Biology/Flora_and_Fauna/Plantae/Magnoliophyta/Liliopsida
1356,Top/Science/Biology/Flora_and_Fauna/Plantae/Magnoliophyta/Magnoliopsida
1357,Top/Science/Biology/Flora_and_Fauna/Protista
1358,Top/Science/Biology/Genetics
1359,Top/Science/Biology/Genetics/Eukaryotic/Animal
1360,Top/Science/Biology/Zoology/Chordates
1361,Top/Science/Chemistry
1362,Top/Science/Chemistry/Analytical
1363,Top/Science/Chemistry/Elements
1364,Top/Science/Chemistry/Nuclear_Magnetic_Resonance
1365,Top/Science/Earth_Sciences
1366,Top/Science/Earth_Sciences/Geology
1367,Top/Science/Earth_Sciences/Geology/Rocks_and_Minerals
1368,Top/Science/Earth_Sciences/Geomatics
1369,Top/Science/Earth_Sciences/Geophysics
1370,Top/Science/Earth_Sciences/Meteorology
1371,Top/Science/Earth_Sciences/Meteorology/Weather_Phenomena/Hurricanes
1372,Top/Science/Earth_Sciences/Oceanography
1373,Top/Science/Earth_Sciences/Paleontology
1374,Top/Science/Educational_Resources
1375,Top/Science/Environment
1376,Top/Science/Environment/Air_Quality
1377,Top/Science/Environment/Biodiversity
1378,Top/Science/Environment/Biodiversity/Conservation
1379,Top/Science/Environment/Water_Resources
1380,Top/Science/Environment/Water_Resources/Wastewater
1381,Top/Science/Instruments_and_Supplies
1382,Top/Science/Instruments_and_Supplies/Laboratory_Equipment
1383,Top/Science/Math
1384,Top/Science/Math/Algebra
1385,Top/Science/Math/Applications
1386,Top/Science/Math/Applications/Communication_Theory/Cryptography
1387,Top/Science/Math/Combinatorics
1388,Top/Science/Math/Education
1389,Top/Science/Math/Geometry
1390,Top/Science/Math/Logic_and_Foundations
1391,Top/Science/Math/Number_Theory
1392,Top/Science/Math/Number_Theory/Events/Past_Events
1393,Top/Science/Math/Recreations
1394,Top/Science/Math/Software
1395,Top/Science/Math/Statistics
1396,Top/Science/Physics
1397,Top/Science/Physics/Education
1398,Top/Science/Physics/Relativity
1399,Top/Science/Reference/Standards/Individual_Standards
1400,Top/Science/Science_in_Society
1401,Top/Science/Social_Sciences
1402,Top/Science/Social_Sciences/Anthropology
1403,Top/Science/Social_Sciences/Archaeology
1404,Top/Science/Social_Sciences/Archaeology/Alternative
1405,Top/Science/Social_Sciences/Archaeology/Archaeologists
1406,Top/Science/Social_Sciences/Archaeology/Periods_and_Cultures
1407,Top/Science/Social_Sciences/Archaeology/Asia
1408,Top/Science/Social_Sciences/Archaeology/Europe
1409,Top/Science/Social_Sciences/Archaeology/Middle_East
1410,Top/Science/Social_Sciences/Archaeology/Topics
1411,Top/Science/Social_Sciences/Economics
1412,Top/Science/Social_Sciences/Economics/People
1413,Top/Science/Social_Sciences/Geography/Geographic_Information_Systems
1414,Top/Science/Social_Sciences/Linguistics
1415,Top/Science/Social_Sciences/Linguistics/Languages/Constructed
1416,Top/Science/Social_Sciences/Linguistics/Languages/Natural
1417,Top/Science/Social_Sciences/Linguistics/Languages/Natural/Austronesian
1418,Top/Science/Social_Sciences/Linguistics/Languages/Natural/Indo-European
1419,Top/Science/Social_Sciences/Linguistics/Languages/Natural/Indo-European/Italic
1420,Top/Science/Social_Sciences/Linguistics/Languages/Natural/Pidgins_and_Creoles
1421,Top/Science/Social_Sciences/Political_Science
1422,Top/Science/Social_Sciences/Psychology
1423,Top/Science/Social_Sciences/Psychology/Alternative
1424,Top/Science/Social_Sciences/Psychology/Evolutionary_Psychology
1425,Top/Science/Social_Sciences/Psychology/Personality
1426,Top/Science/Social_Sciences/Sociology
1427,Top/Science/Social_Sciences/Urban_and_Regional_Planning
1428,Top/Science/Technology
1429,Top/Science/Technology/Acoustics,_Ultrasound_and_Vibration/Ultrasound
1430,Top/Science/Technology/Aerospace/Aeronautics/History
1431,Top/Science/Technology/Civil_Engineering/History
1432,Top/Science/Technology/Electronics
1433,Top/Science/Technology/Energy
1434,Top/Science/Technology/Energy/Renewable
1435,Top/Science/Technology/Energy/Storage
1436,Top/Science/Technology/Software_for_Engineering
1437,Top/Science/Technology/Space
1438,Top/Science/Technology/Space/Missions/Unmanned
1439,Top/Science/Technology/Space/NASA
1440,Top/Science/Technology/Structural_Engineering
1441,Top/Science/Technology/Structural_Engineering/Bridge/History
1442,Top/Society
1443,Top/Society/Activism
1444,Top/Society/Activism/Media/Culture_Jamming
1445,Top/Society/Crime
1446,Top/Society/Crime/Murder
1447,Top/Society/Crime/Murder/Serial_Murder/Serial_Killers
1448,Top/Society/Crime/Organized_Crime
1449,Top/Society/Crime/Sex_Offenses
1450,Top/Society/Death
1451,Top/Society/Death/Death_Care
1452,Top/Society/Death/Death_Care/Cemeteries
1453,Top/Society/Death/In_Memoriam/Individuals
1454,Top/Society/Disabled
1455,Top/Society/Ethnicity
1456,Top/Society/Ethnicity/African/African-American
1457,Top/Society/Ethnicity/Asian
1458,Top/Society/Ethnicity/The_Americas
1459,Top/Society/Ethnicity/The_Americas/Indigenous/Native_Americans
1460,Top/Society/Ethnicity/The_Americas/Indigenous/Native_Americans/People
1461,Top/Society/Ethnicity/The_Americas/Indigenous/Native_Americans/Tribes,_Nations_and_Bands
1462,Top/Society/Folklore/Literature
1463,Top/Society/Folklore/Literature/Tales
1464,Top/Society/Folklore/Literature/Tales/Fairy_Tales
1465,Top/Society/Future
1466,Top/Society/Genealogy
1467,Top/Society/Genealogy/Surnames
1468,Top/Society/Government/Multilateral
1469,Top/Society/History
1470,Top/Society/History/Europe
1471,Top/Society/History/North_America
1472,Top/Society/History/North_America/People
1473,Top/Society/History/North_America/Presidents
1474,Top/Society/History/North_America/Presidents/Bush,_George_Walker
1475,Top/Society/History/North_America/Wars/Civil_War
1476,Top/Society/History/North_America/Wars/Civil_War/Union_Units
1477,Top/Society/History/By_Time_Period
1478,Top/Society/History/By_Time_Period/Ancient
1479,Top/Society/History/By_Time_Period/Ancient/Africa
1480,Top/Society/History/By_Time_Period/Eighteenth_Century/Wars_and_Conflicts/American_Revolution
1481,Top/Society/History/By_Time_Period/Middle_Ages
1482,Top/Society/History/By_Time_Period/Nineteenth_Century
1483,Top/Society/History/By_Time_Period/Nineteenth_Century/Wars_and_Conflicts
1484,Top/Society/History/By_Time_Period/Twentieth_Century
1485,Top/Society/History/By_Time_Period/Twentieth_Century/Holocaust
1486,Top/Society/History/By_Time_Period/Twentieth_Century/Wars_and_Conflicts
1487,Top/Society/History/By_Time_Period/Twentieth_Century/Wars_and_Conflicts/World_War_I
1488,Top/Society/History/By_Time_Period/Twentieth_Century/Wars_and_Conflicts/World_War_II
1489,Top/Society/History/By_Topic/Exploration
1490,Top/Society/History/By_Topic/Maritime
1491,Top/Society/History/By_Topic/Science
1492,Top/Society/History/By_Topic/Social_History
1493,Top/Society/Holidays
1494,Top/Society/Holidays/Christmas
1495,Top/Society/Holidays/Halloween
1496,Top/Society/Issues
1497,Top/Society/Issues/Abortion
1498,Top/Society/Issues/Animal_Welfare
1499,Top/Society/Issues/Animal_Welfare/Animal_Rights
1500,Top/Society/Issues/Business
1501,Top/Society/Issues/Business/Allegedly_Unethical_Firms
1502,Top/Society/Issues/Children,_Youth_and_Family
1503,Top/Society/Issues/Children,_Youth_and_Family/Child_Abuse
1504,Top/Society/Issues/Children,_Youth_and_Family/Child_Abuse/Child_Advocacy_Groups/National_Court_Appointed_Special_Advocate_Association_-_CASA
1505,Top/Society/Issues/Children,_Youth_and_Family/Service_Organizations
1506,Top/Society/Issues/Crime_and_Justice
1507,Top/Society/Issues/Economic
1508,Top/Society/Issues/Education
1509,Top/Society/Issues/Environment
1510,Top/Society/Issues/Environment/Conservation_and_Endangered_Species
1511,Top/Society/Issues/Health
1512,Top/Society/Issues/Health/Tobacco
1513,Top/Society/Issues/Health/Tobacco/Advocacy/Anti-Tobacco
1514,Top/Society/Issues/Health/Tobacco/Advocacy/Pro-Tobacco
1515,Top/Society/Issues/Health/Tobacco/Advocacy/Pro-Tobacco/Critiques
1516,Top/Society/Issues/Human_Rights_and_Liberties
1517,Top/Society/Issues/Intellectual_Property
1518,Top/Society/Issues/Intellectual_Property/Copyrights
1519,Top/Society/Issues/Peace
1520,Top/Society/Issues/Race-Ethnic-Religious_Relations
1521,Top/Society/Issues/Science_and_Technology
1522,Top/Society/Issues/Territorial_Disputes
1523,Top/Society/Issues/Terrorism
1524,Top/Society/Issues/Terrorism/Incidents/September_11,_2001
1525,Top/Society/Issues/Terrorism/Terrorist_Organizations
1526,Top/Society/Issues/Violence_and_Abuse
1527,Top/Society/Issues/Warfare_and_Conflict
1528,Top/Society/Issues/Warfare_and_Conflict/Specific_Conflicts
1529,Top/Society/Issues/Warfare_and_Conflict/Specific_Conflicts/Middle_East/Israel-Palestine
1530,Top/Society/Issues/Warfare_and_Conflict/Specific_Conflicts/War_on_Terrorism/News_and_Media/September_11,_2001
1531,Top/Society/Issues/Warfare_and_Conflict/Weapons
1532,Top/Society/Law
1533,Top/Society/Law/Education
1534,Top/Society/Law/Law_Enforcement
1535,Top/Society/Law/Law_Enforcement/Prosecuting_Attorneys
1536,Top/Society/Law/Legal_Information
1537,Top/Society/Law/Products
1538,Top/Society/Law/Services
1539,Top/Society/Law/Services/Expert_Witnesses
1540,Top/Society/Law/Services/Law_Practice_Support
1541,Top/Society/Law/Services/Lawyers_and_Law_Firms
1542,Top/Society/Law/Services/Lawyers_and_Law_Firms/Business_and_Corporate_Law/North_America
1543,Top/Society/Law/Services/Lawyers_and_Law_Firms/Criminal_Defense/North_America
1544,Top/Society/Law/Services/Lawyers_and_Law_Firms/Family_Law/North_America
1545,Top/Society/Law/Services/Lawyers_and_Law_Firms/General_Practice/North_America
1546,Top/Society/Law/Services/Lawyers_and_Law_Firms/Immigration/North_America
1547,Top/Society/Law/Services/Lawyers_and_Law_Firms/Personal_Injury/North_America
1548,Top/Society/Lifestyle_Choices
1549,Top/Society/Lifestyle_Choices/Vegetarianism
1550,Top/Society/Military
1551,Top/Society/Military/Aviation/Aircraft
1552,Top/Society/Military/Veterans
1553,Top/Society/Organizations
1554,Top/Society/Organizations/Animal_Welfare/Rescues_and_Shelters/North_America
1555,Top/Society/Organizations/Fraternal/Freemasonry
1556,Top/Society/Organizations/Fraternal/Freemasonry/Craft_Masonry
1557,Top/Society/Organizations/Fraternal/Freemasonry/Related_Organizations
1558,Top/Society/Organizations/Lineage
1559,Top/Society/Organizations/Nonprofit_Resources/Fundraising
1560,Top/Society/Organizations/Self_Improvement/Toastmasters
1561,Top/Society/Organizations/Service_Clubs
1562,Top/Society/Organizations/Service_Clubs/Rotary
1563,Top/Society/Organizations/Student/Academic
1564,Top/Society/Organizations/Student/Fraternities_and_Sororities
1565,Top/Society/Paranormal
1566,Top/Society/Paranormal/Ghosts
1567,Top/Society/Paranormal/Psychic
1568,Top/Society/Paranormal/Psychic/Readings
1569,Top/Society/Paranormal/UFOs
1570,Top/Society/People
1571,Top/Society/People/Generations_and_Age_Groups/Seniors
1572,Top/Society/People/Generations_and_Age_Groups/Seniors/Retirement/Housing_and_Communities/North_America
1573,Top/Society/People/Generations_and_Age_Groups/Youth
1574,Top/Society/People/Generations_and_Age_Groups/Youth/Organizations/4-H
1575,Top/Society/People/Men/Issues
1576,Top/Society/People/Women
1577,Top/Society/People/Women/Issues/Violence_and_Abuse/Domestic_Violence
1578,Top/Society/Philanthropy
1579,Top/Society/Philanthropy/Grants/Grant-Making_Foundations
1580,Top/Society/Philosophy
1581,Top/Society/Philosophy/Ethics
1582,Top/Society/Philosophy/History_of_Philosophy
1583,Top/Society/Philosophy/Philosophers
1584,Top/Society/Politics
1585,Top/Society/Politics/Anarchism
1586,Top/Society/Politics/Conservatism
1587,Top/Society/Politics/Liberalism/Libertarianism
1588,Top/Society/Politics/Socialism
1589,Top/Society/Relationships
1590,Top/Society/Relationships/Dating/Personals
1591,Top/Society/Relationships/Weddings
1592,Top/Society/Relationships/Weddings/Ceremony/Officiants
1593,Top/Society/Religion_and_Spirituality
1594,Top/Society/Religion_and_Spirituality/Atheism
1595,Top/Society/Religion_and_Spirituality/Buddhism
1596,Top/Society/Religion_and_Spirituality/Buddhism/Lineages
1597,Top/Society/Religion_and_Spirituality/Buddhism/Lineages/Zen
1598,Top/Society/Religion_and_Spirituality/Christianity
1599,Top/Society/Religion_and_Spirituality/Christianity/Apologetics
1600,Top/Society/Religion_and_Spirituality/Christianity/Arts
1601,Top/Society/Religion_and_Spirituality/Christianity/Bible
1602,Top/Society/Religion_and_Spirituality/Christianity/Bible/Bible_Study
1603,Top/Society/Religion_and_Spirituality/Christianity/Bible/References_and_Tools
1604,Top/Society/Religion_and_Spirituality/Christianity/Broadcasting/Radio
1605,Top/Society/Religion_and_Spirituality/Christianity/Calendar
1606,Top/Society/Religion_and_Spirituality/Christianity/Christian_Living
1607,Top/Society/Religion_and_Spirituality/Christianity/Church_History/Early_Christian_Writings
1608,Top/Society/Religion_and_Spirituality/Christianity/Church_History/The_Reformation
1609,Top/Society/Religion_and_Spirituality/Christianity/Churches
1610,Top/Society/Religion_and_Spirituality/Christianity/Denominations
1611,Top/Society/Religion_and_Spirituality/Christianity/Denominations/Anglican
1612,Top/Society/Religion_and_Spirituality/Christianity/Denominations/Anglican/Church_of_England/Dioceses
1613,Top/Society/Religion_and_Spirituality/Christianity/Denominations/Anglican/Episcopal_Church_USA
1614,Top/Society/Religion_and_Spirituality/Christianity/Denominations/Anglican/Episcopal_Church_USA/Churches
1615,Top/Society/Religion_and_Spirituality/Christianity/Denominations/Baptist/Baptist_Groups
1616,Top/Society/Religion_and_Spirituality/Christianity/Denominations/Baptist/Baptist_Groups/Southern_Baptist_Convention
1617,Top/Society/Religion_and_Spirituality/Christianity/Denominations/Catholicism
1618,Top/Society/Religion_and_Spirituality/Christianity/Denominations/Catholicism/History
1619,Top/Society/Religion_and_Spirituality/Christianity/Denominations/Catholicism/Orders/Men's_Orders
1620,Top/Society/Religion_and_Spirituality/Christianity/Denominations/Catholicism/Orders/Women's_Orders
1621,Top/Society/Religion_and_Spirituality/Christianity/Denominations/Catholicism/Organizations
1622,Top/Society/Religion_and_Spirituality/Christianity/Denominations/Catholicism/Organizations/Knights_of_Columbus/Councils
1623,Top/Society/Religion_and_Spirituality/Christianity/Denominations/Catholicism/North_America
1624,Top/Society/Religion_and_Spirituality/Christianity/Denominations/Churches_of_Christ/Churches
1625,Top/Society/Religion_and_Spirituality/Christianity/Denominations/Latter_Day_Saints/Church_of_Jesus_Christ_of_Latter-day_Saints
1626,Top/Society/Religion_and_Spirituality/Christianity/Denominations/Lutheran
1627,Top/Society/Religion_and_Spirituality/Christianity/Denominations/Lutheran/Congregations
1628,Top/Society/Religion_and_Spirituality/Christianity/Denominations/Lutheran/Congregations/Evangelical_Lutheran_Church_in_America
1629,Top/Society/Religion_and_Spirituality/Christianity/Denominations/Messianic_Judaism
1630,Top/Society/Religion_and_Spirituality/Christianity/Denominations/Methodist
1631,Top/Society/Religion_and_Spirituality/Christianity/Denominations/Methodist/United_Methodist
1632,Top/Society/Religion_and_Spirituality/Christianity/Denominations/Orthodox
1633,Top/Society/Religion_and_Spirituality/Christianity/Denominations/Pentecostalism/Assemblies_of_God
1634,Top/Society/Religion_and_Spirituality/Christianity/Denominations/Presbyterian
1635,Top/Society/Religion_and_Spirituality/Christianity/Denominations/Presbyterian/Presbyterian_Church_USA
1636,Top/Society/Religion_and_Spirituality/Christianity/Denominations/Presbyterian/Presbyterian_Church_USA/Churches
1637,Top/Society/Religion_and_Spirituality/Christianity/Denominations/Seventh-day_Adventists
1638,Top/Society/Religion_and_Spirituality/Christianity/Evangelism
1639,Top/Society/Religion_and_Spirituality/Christianity/Evangelism/Christianity_for_Seekers
1640,Top/Society/Religion_and_Spirituality/Christianity/Missions
1641,Top/Society/Religion_and_Spirituality/Christianity/Music/Hymns
1642,Top/Society/Religion_and_Spirituality/Christianity/Music/Styles
1643,Top/Society/Religion_and_Spirituality/Christianity/Music/Styles/Contemporary_Christian/Bands_and_Artists
1644,Top/Society/Religion_and_Spirituality/Christianity/Music/Styles/Rock/Bands_and_Artists
1645,Top/Society/Religion_and_Spirituality/Christianity/Organizations
1646,Top/Society/Religion_and_Spirituality/Christianity/Organizations/Renewal_Movements
1647,Top/Society/Religion_and_Spirituality/Christianity/People/Saints
1648,Top/Society/Religion_and_Spirituality/Christianity/Perspectives
1649,Top/Society/Religion_and_Spirituality/Christianity/Perspectives/Origins_and_Creation
1650,Top/Society/Religion_and_Spirituality/Christianity/Theology
1651,Top/Society/Religion_and_Spirituality/Christianity/Theology/Dispensationalism
1652,Top/Society/Religion_and_Spirituality/Christianity/Theology/Reformed
1653,Top/Society/Religion_and_Spirituality/Divination
1654,Top/Society/Religion_and_Spirituality/Divination/Astrology
1655,Top/Society/Religion_and_Spirituality/Divination/Cartomancy/Tarot
1656,Top/Society/Religion_and_Spirituality/Esoteric_and_Occult
1657,Top/Society/Religion_and_Spirituality/Esoteric_and_Occult/Personalities
1658,Top/Society/Religion_and_Spirituality/Hinduism
1659,Top/Society/Religion_and_Spirituality/Islam
1660,Top/Society/Religion_and_Spirituality/Islam/History
1661,Top/Society/Religion_and_Spirituality/Judaism
1662,Top/Society/Religion_and_Spirituality/New_Age
1663,Top/Society/Religion_and_Spirituality/Opposing_Views
1664,Top/Society/Religion_and_Spirituality/Opposing_Views/Christianity
1665,Top/Society/Religion_and_Spirituality/Opposing_Views/Christianity/Catholicism
1666,Top/Society/Religion_and_Spirituality/Opposing_Views/Scientology
1667,Top/Society/Religion_and_Spirituality/Pagan
1668,Top/Society/Religion_and_Spirituality/Pagan/Wicca
1669,Top/Society/Religion_and_Spirituality/Pagan/Wicca/Traditions
1670,Top/Society/Religion_and_Spirituality/People/Old_Testament
1671,Top/Society/Religion_and_Spirituality/Scientology/Church_of_Scientology
1672,Top/Society/Religion_and_Spirituality/Spiritualism
1673,Top/Society/Religion_and_Spirituality/Taoism
1674,Top/Society/Religion_and_Spirituality/Unitarianism_and_Universalism/Congregations
1675,Top/Society/Religion_and_Spirituality/Yoga
1676,Top/Society/Religion_and_Spirituality/Yoga/Teachers_and_Centers
1677,Top/Society/Sexuality
1678,Top/Society/Subcultures
1679,Top/Society/Transgendered
1680,Top/Society/Work
1681,Top/Sports
1682,Top/Sports/Baseball
1683,Top/Sports/Baseball/College_and_University
1684,Top/Sports/Baseball/Major_League/Teams
1685,Top/Sports/Baseball/People/Players
1686,Top/Sports/Basketball
1687,Top/Sports/Basketball/College_and_University
1688,Top/Sports/Basketball/College_and_University/NCAA_Division_I
1689,Top/Sports/Basketball/Professional/NBA/Players
1690,Top/Sports/Basketball/Women/College_and_University
1691,Top/Sports/Bowling
1692,Top/Sports/Cricket
1693,Top/Sports/Cricket/ICC/Full_Members
1694,Top/Sports/Cycling
1695,Top/Sports/Cycling/Organizations/North_America
1696,Top/Sports/Cycling/Travel
1697,Top/Sports/Cycling/Travel/Travelogues
1698,Top/Sports/Equestrian
1699,Top/Sports/Equestrian/Breeds
1700,Top/Sports/Equestrian/Breeds/Arabian
1701,Top/Sports/Equestrian/Breeds/Miniature
1702,Top/Sports/Equestrian/Breeds/Quarter_Horse/Breeders/North_America
1703,Top/Sports/Equestrian/Racing
1704,Top/Sports/Events/Olympics
1705,Top/Sports/Fantasy
1706,Top/Sports/Fencing
1707,Top/Sports/Flying_Discs/Ultimate_Frisbee
1708,Top/Sports/Football
1709,Top/Sports/Football/College_and_University
1710,Top/Sports/Football/College_and_University/NCAA_Division_I-A
1711,Top/Sports/Football/NFL
1712,Top/Sports/Football/Players
1713,Top/Sports/Football/Rugby_Union
1714,Top/Sports/Golf
1715,Top/Sports/Golf/College_and_University
1716,Top/Sports/Golf/Courses/North_America
1717,Top/Sports/Gymnastics/Artistic/Clubs_and_Schools
1718,Top/Sports/Hockey/Field_Hockey
1719,Top/Sports/Hockey/Ice_Hockey
1720,Top/Sports/Hockey/Ice_Hockey/College_and_University
1721,Top/Sports/Hockey/Ice_Hockey/Leagues
1722,Top/Sports/Hockey/Ice_Hockey/Leagues/Minor_League
1723,Top/Sports/Hockey/Ice_Hockey/Leagues/National_Hockey_League/Players
1724,Top/Sports/Hockey/Ice_Hockey/Leagues/National_Hockey_League/Teams
1725,Top/Sports/Lacrosse/College_and_University
1726,Top/Sports/Martial_Arts
1727,Top/Sports/Martial_Arts/Jujutsu
1728,Top/Sports/Martial_Arts/Jujutsu/Aikido/Schools_and_Instruction/North_America
1729,Top/Sports/Martial_Arts/Karate
1730,Top/Sports/Martial_Arts/Kung_Fu
1731,Top/Sports/Martial_Arts/Tae_Kwon_Do/Schools_and_Instruction
1732,Top/Sports/Motorsports
1733,Top/Sports/Motorsports/Auto_Racing
1734,Top/Sports/Motorsports/Auto_Racing/Drag_Racing
1735,Top/Sports/Motorsports/Auto_Racing/Organizations
1736,Top/Sports/Motorsports/Auto_Racing/Organizations/NASCAR/Nextel_Cup_Series/Drivers
1737,Top/Sports/Motorsports/Auto_Racing/Tracks/North_America
1738,Top/Sports/Motorsports/Motorcycle_Racing
1739,Top/Sports/Paintball
1740,Top/Sports/Running
1741,Top/Sports/Running/Cross_Country/College_and_University
1742,Top/Sports/Running/Hashing
1743,Top/Sports/Skateboarding
1744,Top/Sports/Skating/Ice_Skating
1745,Top/Sports/Skating/Ice_Skating/Skaters
1746,Top/Sports/Skating/Roller_Skating
1747,Top/Sports/Soccer
1748,Top/Sports/Soccer/AFC
1749,Top/Sports/Soccer/CONCACAF
1750,Top/Sports/Soccer/CONCACAF/College_and_University
1751,Top/Sports/Soccer/CONCACAF/Youth/Clubs_and_Teams
1752,Top/Sports/Soccer/Players
1753,Top/Sports/Soccer/UEFA
1754,Top/Sports/Soccer/UEFA/Non-League
1755,Top/Sports/Soccer/UEFA/Non-League/Local_Leagues
1756,Top/Sports/Soccer/UEFA/Youth/Clubs_and_Teams
1757,Top/Sports/Softball
1758,Top/Sports/Softball/Fastpitch/College_and_University
1759,Top/Sports/Strength_Sports/Bodybuilding
1760,Top/Sports/Tennis
1761,Top/Sports/Tennis/College_and_University
1762,Top/Sports/Tennis/Players
1763,Top/Sports/Track_and_Field/College_and_University
1764,Top/Sports/Track_and_Field/College_and_University/NCAA_Division_I
1765,Top/Sports/Track_and_Field/College_and_University/NCAA_Division_III
1766,Top/Sports/Volleyball
1767,Top/Sports/Volleyball/College_and_University/Women/NCAA
1768,Top/Sports/Water_Sports
1769,Top/Sports/Water_Sports/Canoeing_and_Kayaking
1770,Top/Sports/Water_Sports/Rowing
1771,Top/Sports/Water_Sports/Swimming_and_Diving
1772,Top/Sports/Water_Sports/Swimming_and_Diving/College_and_University
1773,Top/Sports/Winter_Sports
1774,Top/Sports/Winter_Sports/Skiing
1775,Top/Sports/Wrestling/Professional
1776,Top/Sports/Wrestling/Professional/Wrestlers
